id,name,durations,stage_num,team_size,due,course_id
0,Apple Cat Toad,7,2,5,2018-08-03T12:34:00,35827
1,Apple Potato Elephant,4,1,3,2018-10-10T13:51:00,35827
2,Fish Dog Potato,5,3,5,2018-09-18T12:48:00,35827
3,Cat Fish Sriracha,8,3,3,2018-11-28T23:29:00,35827
4,Toad Dog Banana,2,2,5,2019-07-22T19:11:00,35827
5,Elephant Banana Apple,3,3,4,2018-03-24T13:11:00,35827
6,Ketchup Potato Potato,11,2,4,2018-07-02T10:22:00,35827
7,Apple Banana Computer,10,3,5,2018-03-09T15:29:00,35827
8,Fish Computer Potato,2,1,4,2018-05-14T13:51:00,35827
9,Words Cat Apple,11,1,4,2018-05-28T12:50:00,35827
10,Dictionary Machine Sriracha,4,3,4,2019-12-02T22:15:00,35827
11,Sriracha Machine Words,11,2,4,2018-10-06T23:59:00,35827
12,Potato Apple Toad,2,2,5,2019-09-03T12:30:00,35827
13,Potato Dictionary Words,5,2,3,2018-07-15T19:55:00,23728
14,Cat Machine Machine,12,1,3,2019-06-21T16:24:00,23728
15,Shrimp Database Shrimp,11,3,2,2018-12-02T16:25:00,23728
16,Toad Words Banana,3,2,3,2019-01-14T14:10:00,23728
17,Banana Banana Elephant,2,2,4,2018-04-14T16:30:00,23728
18,Dictionary Fish Dog,12,3,4,2018-07-27T15:29:00,23728
19,Toad Database Ketchup,6,3,2,2018-08-10T12:50:00,23728
20,Banana Sriracha Dictionary,3,3,2,2019-05-14T13:41:00,23728
21,Database Cat Dictionary,11,1,5,2019-09-10T11:30:00,23728
22,Elephant Toad Dog,10,3,4,2018-03-18T17:19:00,23728
23,Banana Dictionary Fish,7,3,4,2019-01-09T16:45:00,23728
24,Dog Computer Elephant,11,2,4,2018-05-28T20:23:00,23728
25,Apple Banana Toad,8,3,3,2019-07-23T10:43:00,23728
26,Sriracha Elephant Banana,6,1,2,2018-12-21T13:22:00,23728
27,Fish Toad Dog,5,3,2,2019-07-15T17:59:00,23728
28,Potato Computer Elephant,4,3,5,2019-01-12T19:41:00,23728
29,Elephant Machine Computer,4,3,2,2018-06-12T17:59:00,23728
30,Banana Fish Apple,10,2,3,2018-07-01T20:51:00,83994
31,Banana Words Shrimp,4,3,4,2019-03-27T12:56:00,83994
32,Banana Toad Elephant,6,3,4,2019-07-22T17:57:00,83994
33,Words Words Fish,5,3,3,2019-03-07T18:35:00,83994
34,Banana Toad Sriracha,11,1,4,2018-02-07T11:14:00,83994
35,Database Toad Ketchup,11,2,3,2019-08-23T10:54:00,83994
36,Potato Database Dog,3,2,5,2018-05-21T22:36:00,83994
37,Sriracha Shrimp Apple,10,2,3,2018-05-03T10:14:00,83994
38,Computer Potato Computer,4,3,4,2018-06-11T23:20:00,83994
39,Dictionary Computer Sriracha,9,3,4,2019-04-03T18:37:00,83994
40,Elephant Sriracha Computer,11,3,5,2019-11-19T11:45:00,83994
41,Dog Toad Dictionary,8,3,2,2018-10-24T12:10:00,83994
42,Apple Banana Dictionary,5,2,4,2018-11-07T12:55:00,83994
43,Apple Shrimp Dictionary,12,3,4,2019-06-13T17:59:00,83994
44,Sriracha Sriracha Sriracha,7,2,4,2018-01-03T18:27:00,83994
45,Sriracha Potato Shrimp,5,3,2,2018-08-16T20:14:00,83994
46,Computer Ketchup Apple,9,2,4,2018-10-27T20:49:00,39093
47,Database Dictionary Apple,4,2,3,2019-12-09T18:10:00,39093
48,Apple Banana Database,1,1,4,2019-03-15T11:18:00,39093
49,Elephant Cat Banana,9,2,4,2018-05-10T12:30:00,39093
50,Elephant Banana Cat,10,3,5,2018-03-07T23:35:00,39093
51,Potato Ketchup Potato,4,3,2,2018-07-01T23:47:00,39093
52,Shrimp Toad Dictionary,12,2,5,2019-08-28T13:41:00,39093
53,Toad Apple Shrimp,9,2,3,2018-02-28T18:56:00,39093
54,Fish Sriracha Fish,8,2,5,2019-09-21T21:51:00,39093
55,Banana Banana Apple,2,1,2,2019-11-14T16:54:00,39093
56,Sriracha Words Toad,12,1,4,2019-02-10T10:50:00,39093
57,Toad Machine Dictionary,5,3,2,2018-09-02T15:45:00,39093
58,Dog Potato Database,9,3,2,2019-03-11T21:57:00,39093
59,Machine Shrimp Toad,3,3,5,2019-06-26T16:41:00,39093
60,Banana Fish Potato,10,2,4,2019-04-12T18:59:00,39093
61,Fish Sriracha Cat,3,3,2,2018-02-09T10:36:00,39093
62,Cat Toad Cat,7,3,3,2019-12-25T14:21:00,43809
63,Ketchup Dictionary Fish,2,1,4,2018-06-19T22:45:00,43809
64,Banana Computer Apple,7,3,2,2018-08-16T21:32:00,43809
65,Cat Dog Shrimp,12,2,5,2018-12-28T19:52:00,43809
66,Toad Computer Cat,8,2,5,2018-08-13T23:46:00,43809
67,Apple Toad Words,6,1,2,2019-03-20T15:52:00,43809
68,Shrimp Apple Toad,3,2,5,2019-03-23T10:23:00,43809
69,Database Ketchup Banana,1,3,5,2018-11-12T18:34:00,43809
70,Toad Cat Dictionary,12,3,2,2019-11-23T22:46:00,43809
71,Sriracha Sriracha Words,7,1,5,2019-07-09T10:44:00,43809
72,Elephant Fish Machine,12,1,3,2019-12-08T22:28:00,24915
73,Sriracha Ketchup Ketchup,6,2,4,2019-04-14T21:52:00,24915
74,Machine Dictionary Banana,1,1,3,2019-09-21T14:11:00,24915
75,Toad Apple Dictionary,6,2,2,2019-02-24T16:47:00,24915
76,Machine Banana Machine,3,2,3,2018-05-17T16:57:00,24915
77,Sriracha Banana Ketchup,5,3,2,2018-03-11T11:45:00,24915
78,Words Dog Shrimp,2,2,5,2018-06-01T10:17:00,24915
79,Cat Computer Shrimp,3,1,5,2019-04-28T13:10:00,24915
80,Dictionary Computer Sriracha,12,1,3,2019-02-13T10:41:00,79805
81,Apple Potato Cat,9,3,3,2019-05-26T11:47:00,79805
82,Banana Ketchup Ketchup,7,3,2,2019-08-28T21:54:00,79805
83,Dog Toad Words,6,2,2,2019-08-05T20:54:00,79805
84,Machine Sriracha Words,6,1,2,2018-11-10T21:20:00,79805
85,Toad Cat Elephant,9,2,5,2019-08-05T23:37:00,79805
86,Banana Dog Shrimp,11,2,3,2018-01-03T21:27:00,79805
87,Dictionary Machine Machine,9,1,2,2019-06-19T18:11:00,79805
88,Toad Database Apple,4,1,2,2019-06-16T13:17:00,79805
89,Dictionary Apple Apple,12,3,4,2019-07-10T19:30:00,79805
90,Apple Potato Database,8,1,2,2019-08-18T18:54:00,24913
91,Database Dog Potato,5,2,4,2018-07-02T21:45:00,24913
92,Dog Cat Potato,7,1,4,2019-01-01T12:14:00,24913
93,Fish Shrimp Toad,1,3,3,2018-04-12T23:21:00,24913
94,Potato Database Cat,10,2,5,2019-07-02T22:43:00,24913
95,Sriracha Elephant Computer,6,1,2,2019-02-05T12:35:00,24913
96,Elephant Words Machine,1,2,4,2019-07-24T11:16:00,24913
97,Dog Ketchup Sriracha,2,3,2,2019-11-08T11:47:00,24913
98,Potato Dog Sriracha,4,2,2,2019-06-10T21:39:00,24913
99,Cat Potato Machine,1,2,4,2019-06-22T15:54:00,24913
100,Machine Shrimp Toad,7,1,3,2018-10-27T13:59:00,24913
101,Potato Ketchup Computer,12,1,5,2018-03-23T15:31:00,24913
102,Toad Cat Computer,2,2,2,2018-12-03T22:47:00,24913
103,Sriracha Shrimp Machine,3,3,3,2018-01-14T15:59:00,24913
104,Database Apple Computer,1,2,5,2019-03-07T11:25:00,24913
105,Database Dog Machine,9,2,2,2018-02-07T12:56:00,24913
106,Words Ketchup Sriracha,11,3,4,2018-12-14T14:42:00,24913
107,Words Fish Fish,12,3,3,2018-08-10T20:16:00,24913
108,Words Toad Dog,2,3,2,2019-09-20T21:54:00,30617
109,Shrimp Cat Fish,6,3,5,2018-11-15T10:34:00,30617
110,Apple Words Machine,11,2,3,2019-07-20T20:42:00,30617
111,Elephant Banana Cat,9,1,3,2018-12-20T18:59:00,30617
112,Banana Potato Computer,12,3,2,2019-10-23T14:58:00,30617
113,Elephant Shrimp Database,2,2,3,2019-01-03T20:59:00,30617
114,Potato Sriracha Computer,1,3,2,2018-02-22T14:46:00,30617
115,Computer Machine Apple,7,1,3,2018-09-01T14:34:00,30617
116,Shrimp Database Apple,10,2,4,2018-10-08T21:59:00,30617
117,Toad Ketchup Cat,12,3,4,2018-09-15T13:38:00,30617
118,Dictionary Cat Shrimp,5,2,2,2018-03-05T14:27:00,30617
119,Apple Elephant Database,6,3,3,2019-06-15T16:14:00,30617
120,Shrimp Dictionary Sriracha,3,2,2,2018-08-04T19:40:00,30617
121,Potato Elephant Toad,11,2,5,2019-12-28T16:16:00,30617
122,Words Dictionary Computer,8,1,4,2018-08-06T23:48:00,30617
123,Toad Machine Dictionary,1,1,2,2018-04-10T18:46:00,30617
124,Apple Sriracha Dog,3,2,3,2018-05-07T20:10:00,30617
125,Shrimp Dictionary Database,5,2,2,2018-09-22T12:55:00,80777
126,Database Computer Words,5,2,5,2019-05-07T12:42:00,80777
127,Banana Toad Sriracha,5,3,5,2019-06-15T17:59:00,80777
128,Toad Apple Machine,4,2,3,2018-07-05T17:33:00,80777
129,Potato Potato Dictionary,3,3,2,2019-01-02T11:41:00,41198
130,Shrimp Cat Words,9,1,5,2019-08-19T16:34:00,41198
131,Elephant Toad Banana,3,1,3,2018-12-06T13:30:00,41198
132,Ketchup Shrimp Database,7,2,2,2019-04-08T16:13:00,41198
133,Banana Shrimp Database,3,2,2,2019-10-21T20:39:00,41198
134,Banana Machine Banana,1,3,3,2019-10-03T12:14:00,41198
135,Dictionary Fish Fish,4,1,3,2019-10-05T13:39:00,41198
136,Cat Fish Ketchup,9,3,2,2019-11-16T10:17:00,41198
137,Elephant Toad Banana,12,2,3,2018-04-21T13:21:00,41198
138,Apple Fish Fish,3,1,2,2018-06-04T18:49:00,41198
139,Banana Dog Machine,6,3,5,2018-02-13T19:41:00,41198
140,Ketchup Elephant Toad,9,2,3,2018-01-02T15:38:00,41198
141,Words Fish Shrimp,12,3,2,2019-02-02T16:48:00,41198
142,Machine Apple Potato,5,3,2,2018-09-14T21:58:00,41198
143,Cat Sriracha Elephant,1,3,3,2019-11-09T13:13:00,41198
144,Sriracha Banana Database,4,1,4,2018-12-05T19:27:00,41198
145,Potato Machine Potato,11,2,4,2019-07-18T12:40:00,41198
146,Ketchup Computer Cat,11,3,3,2018-12-20T13:59:00,41198
147,Banana Fish Potato,8,2,2,2018-07-20T23:21:00,27076
148,Elephant Computer Dictionary,10,2,2,2018-01-28T12:53:00,27076
149,Apple Database Machine,8,1,5,2019-06-01T12:12:00,27076
150,Database Shrimp Computer,7,1,4,2018-11-03T12:18:00,27076
151,Words Computer Machine,2,3,3,2019-01-16T12:32:00,27076
152,Apple Apple Potato,11,2,5,2019-04-03T12:14:00,27076
153,Elephant Elephant Banana,8,1,5,2018-01-28T17:40:00,27076
154,Database Dictionary Dictionary,9,3,4,2018-12-24T22:37:00,27076
155,Sriracha Computer Banana,9,2,5,2018-11-05T15:18:00,27076
156,Words Apple Words,8,1,2,2019-07-02T22:16:00,27076
157,Banana Elephant Database,1,3,5,2019-08-04T20:50:00,27076
158,Database Machine Machine,12,2,5,2018-10-25T10:51:00,27076
159,Dog Ketchup Banana,3,1,4,2018-01-08T14:33:00,27076
160,Fish Cat Computer,7,2,5,2019-08-04T19:35:00,68863
161,Apple Database Fish,12,1,2,2019-01-16T11:59:00,68863
162,Sriracha Sriracha Computer,11,3,5,2019-05-26T22:55:00,68863
163,Machine Dog Toad,4,3,5,2019-11-14T23:59:00,68863
164,Elephant Potato Cat,1,3,4,2019-02-04T17:27:00,68863
165,Toad Ketchup Banana,4,3,5,2019-07-08T17:28:00,84086
166,Machine Banana Elephant,9,1,5,2018-05-02T18:11:00,84086
167,Machine Shrimp Toad,9,3,5,2018-08-20T15:11:00,84086
168,Dog Ketchup Elephant,7,1,3,2019-11-11T18:33:00,84086
169,Elephant Machine Shrimp,2,3,4,2019-12-03T13:39:00,84086
170,Database Shrimp Elephant,11,1,5,2019-02-28T16:35:00,84086
171,Database Cat Sriracha,6,2,4,2019-02-05T15:21:00,22889
172,Shrimp Banana Dog,5,3,2,2019-09-18T16:35:00,22889
173,Words Sriracha Dictionary,10,3,5,2019-05-22T21:30:00,22889
174,Shrimp Machine Dictionary,12,3,5,2018-04-19T15:36:00,22889
175,Apple Machine Elephant,5,1,5,2019-03-02T23:13:00,22889
176,Banana Cat Shrimp,6,2,3,2019-03-16T23:10:00,22889
177,Toad Cat Potato,2,1,3,2018-03-28T16:53:00,22889
178,Potato Machine Cat,1,2,5,2018-06-15T23:13:00,22889
179,Computer Potato Toad,10,1,4,2018-08-23T10:10:00,22889
180,Toad Potato Elephant,4,1,2,2018-02-09T11:37:00,22889
181,Banana Apple Toad,5,3,3,2018-03-07T18:25:00,22889
182,Cat Database Fish,3,3,4,2019-03-26T23:26:00,22889
183,Computer Cat Potato,6,3,5,2019-10-18T21:19:00,22889
184,Shrimp Database Elephant,11,3,2,2018-03-15T13:36:00,22889
185,Toad Dog Toad,12,3,4,2019-04-05T18:34:00,22889
186,Words Computer Shrimp,4,3,4,2018-04-23T20:21:00,22889
187,Apple Dictionary Dog,8,1,3,2018-06-22T13:28:00,32991
188,Potato Fish Potato,2,1,4,2018-12-23T10:46:00,32991
189,Elephant Database Computer,1,2,3,2018-10-06T23:59:00,32991
190,Shrimp Elephant Fish,2,3,4,2018-02-02T10:35:00,32991
191,Dictionary Dictionary Fish,5,3,3,2019-05-19T16:53:00,32991
192,Cat Apple Dictionary,11,2,2,2018-06-26T23:41:00,32991
193,Toad Cat Fish,1,3,5,2019-03-06T18:20:00,32991
194,Potato Toad Computer,12,2,2,2018-11-28T22:21:00,32991
195,Ketchup Shrimp Toad,4,1,2,2018-11-11T16:53:00,32991
196,Ketchup Computer Fish,9,1,2,2018-07-13T11:54:00,32991
197,Words Sriracha Sriracha,1,2,4,2018-01-24T18:26:00,32991
198,Apple Ketchup Elephant,12,1,5,2019-03-23T22:29:00,32991
199,Dog Cat Machine,6,1,3,2019-10-09T15:26:00,32991
200,Computer Dictionary Cat,12,1,2,2019-12-12T12:30:00,32991
201,Dictionary Sriracha Computer,8,1,4,2019-04-06T12:38:00,32991
202,Words Potato Banana,10,3,4,2019-02-14T14:46:00,32991
203,Elephant Dog Banana,12,3,3,2019-09-23T20:33:00,82453
204,Elephant Database Fish,8,1,4,2019-06-26T14:15:00,82453
205,Words Dog Ketchup,11,2,2,2019-04-20T22:49:00,82453
206,Database Toad Database,1,3,4,2019-09-27T21:26:00,82453
207,Potato Ketchup Fish,4,3,5,2018-03-02T21:18:00,82453
208,Apple Machine Ketchup,1,3,4,2018-08-26T23:21:00,82453
209,Elephant Computer Database,3,3,3,2019-12-08T17:26:00,82453
210,Computer Computer Database,5,2,4,2019-12-09T15:47:00,82453
211,Toad Toad Machine,7,1,3,2018-12-02T17:12:00,82453
212,Dictionary Sriracha Shrimp,4,3,4,2019-10-11T12:48:00,82453
213,Potato Shrimp Elephant,3,3,3,2018-08-08T12:45:00,82453
214,Words Potato Cat,9,1,2,2019-08-24T11:13:00,82453
215,Computer Words Toad,6,1,4,2018-12-07T14:29:00,82453
216,Sriracha Ketchup Fish,6,2,5,2018-11-16T14:23:00,82453
217,Sriracha Dictionary Banana,10,2,5,2018-05-23T19:29:00,82453
218,Banana Fish Shrimp,4,3,2,2018-10-14T17:27:00,82453
219,Potato Database Cat,6,1,5,2018-07-03T11:18:00,82453
220,Machine Fish Machine,7,3,5,2018-07-21T17:17:00,82453
221,Shrimp Elephant Words,4,3,5,2018-10-23T10:17:00,82453
222,Machine Machine Shrimp,4,2,5,2019-08-04T23:24:00,82453
223,Potato Dictionary Cat,11,3,2,2018-06-03T14:41:00,84637
224,Fish Shrimp Dog,5,3,4,2018-02-21T12:11:00,84637
225,Apple Toad Ketchup,12,3,5,2018-05-07T14:32:00,84637
226,Database Database Computer,11,2,4,2018-06-10T15:25:00,84637
227,Computer Apple Shrimp,10,3,5,2018-12-25T16:44:00,84637
228,Shrimp Machine Ketchup,5,1,2,2019-06-16T21:16:00,84637
229,Banana Computer Toad,3,1,3,2019-11-09T11:37:00,84637
230,Apple Sriracha Database,1,1,5,2019-08-25T15:40:00,84637
231,Toad Dictionary Dog,7,1,2,2019-12-14T17:37:00,84637
232,Fish Potato Machine,7,2,3,2018-01-11T13:52:00,84637
233,Elephant Cat Sriracha,12,3,3,2018-01-14T20:35:00,84637
234,Shrimp Computer Ketchup,10,2,3,2019-07-04T13:49:00,84637
235,Toad Fish Computer,5,2,4,2019-02-24T23:21:00,84637
236,Toad Dictionary Potato,9,1,4,2019-07-09T15:26:00,84637
237,Words Potato Dictionary,5,2,5,2019-06-19T14:51:00,84637
238,Words Sriracha Elephant,1,3,2,2018-12-24T18:34:00,84637
239,Dog Elephant Ketchup,1,2,4,2018-02-03T10:32:00,84637
240,Shrimp Potato Computer,10,2,4,2018-01-18T13:11:00,84637
241,Sriracha Cat Ketchup,6,1,5,2018-09-06T15:28:00,84637
242,Fish Apple Elephant,6,1,5,2018-09-24T11:12:00,38762
243,Elephant Database Database,3,1,4,2018-09-08T10:46:00,38762
244,Shrimp Ketchup Ketchup,9,2,5,2019-09-14T17:35:00,38762
245,Fish Toad Cat,6,1,3,2018-05-22T12:30:00,38762
246,Dictionary Fish Fish,2,2,5,2019-07-16T16:50:00,38762
247,Elephant Dictionary Banana,4,1,3,2018-10-05T14:49:00,38762
248,Dictionary Banana Cat,10,1,5,2019-02-23T21:58:00,38762
249,Banana Toad Apple,3,3,5,2018-05-28T23:41:00,38762
250,Dog Dictionary Potato,2,3,3,2019-12-24T22:23:00,38762
251,Sriracha Database Fish,7,3,3,2018-12-11T19:22:00,38762
252,Dictionary Dog Apple,1,1,5,2019-08-05T18:18:00,38762
253,Shrimp Shrimp Fish,6,1,5,2019-11-07T21:28:00,38762
254,Potato Sriracha Cat,5,1,2,2018-06-24T17:33:00,38762
255,Elephant Toad Database,10,2,4,2018-12-10T10:45:00,38762
256,Elephant Sriracha Sriracha,12,3,4,2018-02-22T13:25:00,83887
257,Shrimp Computer Sriracha,5,3,2,2019-11-07T17:39:00,83887
258,Toad Words Ketchup,11,1,4,2018-04-16T10:22:00,83887
259,Computer Potato Computer,6,3,2,2018-03-20T22:33:00,83887
260,Dictionary Database Database,10,2,3,2018-10-03T10:16:00,83887
261,Cat Dog Banana,4,3,5,2018-02-09T11:50:00,49373
262,Cat Toad Toad,7,3,4,2018-12-14T15:26:00,49373
263,Toad Ketchup Words,10,1,3,2019-01-10T20:39:00,49373
264,Cat Database Elephant,10,2,3,2019-05-04T18:47:00,49373
265,Words Dog Dictionary,4,3,3,2018-03-01T10:53:00,38681
266,Ketchup Apple Database,9,2,4,2019-12-25T20:46:00,38681
267,Potato Words Words,6,1,2,2018-12-08T20:10:00,38681
268,Words Banana Toad,6,3,2,2018-09-06T22:28:00,38681
269,Shrimp Machine Sriracha,8,1,3,2018-02-19T17:49:00,38681
270,Database Computer Database,1,2,5,2019-03-28T21:56:00,38681
271,Dog Apple Cat,2,1,4,2018-08-03T23:34:00,38681
272,Shrimp Dictionary Dictionary,12,1,2,2019-11-03T17:59:00,38681
273,Cat Words Apple,6,3,2,2019-01-11T16:29:00,38681
274,Shrimp Words Shrimp,10,3,2,2018-12-08T12:46:00,38681
275,Banana Dictionary Sriracha,8,3,4,2019-07-20T13:27:00,61627
276,Potato Ketchup Fish,6,1,4,2018-03-08T21:31:00,61627
277,Potato Machine Dictionary,3,3,3,2019-03-27T19:38:00,61627
278,Fish Banana Dog,8,1,3,2018-04-01T16:54:00,61627
279,Machine Toad Fish,10,3,2,2018-04-23T14:41:00,61627
280,Dog Banana Shrimp,2,3,4,2019-08-17T22:35:00,96486
281,Potato Dog Machine,1,1,2,2019-02-11T23:14:00,96486
282,Potato Dictionary Elephant,3,1,3,2018-11-05T21:27:00,96486
283,Sriracha Elephant Machine,10,2,5,2019-09-11T12:14:00,96486
284,Database Banana Shrimp,1,1,3,2019-07-01T11:31:00,96486
285,Words Sriracha Ketchup,4,2,4,2019-08-04T10:43:00,96486
286,Elephant Banana Shrimp,6,1,5,2018-03-02T10:42:00,96486
287,Potato Dog Words,4,2,2,2018-08-16T18:45:00,96486
288,Ketchup Apple Dog,7,2,4,2019-04-01T17:43:00,96486
289,Dictionary Machine Database,8,2,4,2018-01-15T17:20:00,96486
290,Apple Toad Words,4,1,5,2019-05-08T15:39:00,96486
291,Toad Banana Elephant,5,3,4,2018-09-15T11:46:00,96486
292,Words Dog Machine,3,2,5,2018-03-08T23:36:00,96486
293,Dictionary Words Shrimp,1,1,5,2018-10-21T14:37:00,96486
294,Database Ketchup Ketchup,3,2,3,2019-02-04T22:31:00,96486
295,Computer Ketchup Words,9,3,2,2019-02-27T17:10:00,96486
296,Apple Sriracha Database,7,2,2,2018-07-23T16:56:00,96486
297,Potato Banana Apple,10,2,3,2019-08-06T10:35:00,96486
298,Fish Ketchup Sriracha,1,2,3,2018-06-14T13:10:00,96486
299,Apple Sriracha Cat,2,3,3,2019-10-07T18:58:00,96486
300,Words Dog Banana,5,1,4,2018-02-12T20:28:00,30364
301,Cat Potato Shrimp,6,1,4,2019-10-25T11:44:00,30364
302,Database Ketchup Machine,4,1,5,2018-03-18T19:10:00,30364
303,Sriracha Fish Apple,1,1,2,2019-11-27T11:34:00,30364
304,Fish Fish Fish,11,2,4,2019-04-17T12:13:00,30364
305,Sriracha Cat Machine,5,1,2,2019-12-22T17:58:00,30364
306,Potato Toad Shrimp,6,3,4,2018-12-14T15:46:00,30364
307,Banana Dog Dog,8,3,3,2018-09-09T11:27:00,30364
308,Fish Apple Dog,1,2,4,2019-03-16T19:53:00,30364
309,Shrimp Shrimp Sriracha,10,2,2,2019-11-24T21:58:00,30364
310,Elephant Apple Database,11,2,4,2018-02-12T14:33:00,30364
311,Dog Cat Machine,5,2,4,2018-06-03T12:54:00,30364
312,Cat Dog Words,7,3,4,2019-11-24T23:14:00,30364
313,Shrimp Ketchup Cat,8,1,2,2019-10-04T14:43:00,30364
314,Machine Cat Sriracha,8,1,2,2019-01-26T20:20:00,30364
315,Cat Database Computer,7,2,2,2018-02-14T18:25:00,30364
316,Apple Dictionary Machine,8,1,2,2019-12-02T19:49:00,30364
317,Toad Toad Dog,11,1,3,2019-12-21T12:11:00,53855
318,Potato Potato Computer,11,3,3,2019-07-13T23:26:00,53855
319,Potato Banana Potato,6,2,2,2018-04-02T17:35:00,53855
320,Words Dog Computer,7,1,4,2018-05-16T14:28:00,53855
321,Potato Toad Sriracha,1,3,4,2019-10-23T19:51:00,53855
322,Toad Banana Ketchup,1,3,5,2019-12-19T15:12:00,53855
323,Machine Machine Machine,8,2,2,2018-12-22T10:47:00,53855
324,Banana Words Dictionary,3,1,5,2018-09-26T19:16:00,53855
325,Toad Dictionary Dog,1,1,4,2018-11-08T21:11:00,53855
326,Words Words Machine,1,2,2,2018-11-24T14:26:00,53855
327,Elephant Ketchup Computer,11,3,5,2018-03-20T13:11:00,53855
328,Apple Dictionary Words,4,2,4,2019-06-08T17:43:00,53855
329,Toad Machine Machine,3,2,3,2019-02-12T15:25:00,53855
330,Database Sriracha Sriracha,12,3,5,2019-06-14T12:35:00,53855
331,Toad Words Fish,2,1,5,2018-05-06T12:37:00,25508
332,Database Toad Ketchup,11,3,2,2018-03-23T13:37:00,25508
333,Elephant Sriracha Dictionary,12,3,2,2018-05-16T20:43:00,25508
334,Database Machine Ketchup,4,2,5,2018-06-14T11:24:00,25508
335,Computer Shrimp Apple,12,3,5,2018-05-07T13:34:00,25508
336,Elephant Banana Cat,9,3,5,2018-01-07T13:50:00,25508
337,Dictionary Sriracha Dictionary,7,2,3,2019-06-03T17:30:00,25508
338,Sriracha Machine Shrimp,7,1,5,2018-11-03T14:43:00,25508
339,Potato Potato Words,12,3,2,2018-07-13T16:45:00,25508
340,Potato Cat Database,5,1,4,2018-02-22T10:56:00,25508
341,Cat Ketchup Potato,2,3,2,2019-11-08T22:24:00,25508
342,Banana Toad Elephant,7,3,3,2018-02-23T23:59:00,25508
343,Dictionary Fish Database,9,1,3,2019-10-06T13:31:00,56263
344,Dictionary Database Apple,6,3,3,2019-04-15T12:24:00,56263
345,Dictionary Fish Machine,8,3,2,2018-03-22T19:41:00,56263
346,Toad Apple Toad,4,2,4,2018-01-06T15:46:00,56263
347,Words Dog Banana,2,2,2,2018-07-25T22:23:00,56263
348,Fish Cat Sriracha,9,1,5,2019-11-04T12:27:00,56263
349,Fish Ketchup Elephant,8,2,2,2019-03-22T13:52:00,56263
350,Banana Fish Apple,2,3,4,2019-05-27T10:50:00,56263
351,Computer Banana Banana,7,1,4,2018-12-09T10:52:00,56263
352,Cat Ketchup Cat,12,3,4,2018-10-16T14:15:00,56263
353,Apple Fish Computer,3,3,3,2018-02-11T17:56:00,56263
354,Sriracha Fish Computer,1,3,4,2018-03-24T15:33:00,56263
355,Fish Elephant Cat,12,1,5,2019-09-04T12:41:00,56263
356,Fish Machine Dog,2,2,2,2018-09-27T22:47:00,56263
357,Sriracha Machine Ketchup,11,2,3,2018-10-13T11:33:00,56263
358,Dictionary Database Database,6,1,3,2019-02-26T13:31:00,68511
359,Shrimp Toad Words,9,1,4,2018-10-25T20:55:00,68511
360,Sriracha Computer Dictionary,3,2,2,2018-08-21T21:59:00,68511
361,Potato Words Banana,9,3,4,2018-04-17T23:46:00,68511
362,Shrimp Computer Toad,9,3,4,2018-07-27T19:53:00,68511
363,Shrimp Potato Toad,2,2,4,2019-06-05T13:20:00,68511
364,Ketchup Dictionary Fish,4,3,2,2019-11-09T17:16:00,68511
365,Potato Dictionary Dog,12,2,4,2019-05-28T23:44:00,68511
366,Words Sriracha Banana,5,3,5,2018-12-01T11:49:00,68511
367,Database Ketchup Elephant,8,3,2,2019-07-15T20:15:00,58410
368,Dog Cat Toad,7,3,5,2018-02-13T19:47:00,58410
369,Database Words Dictionary,1,2,4,2019-05-04T20:12:00,58410
370,Cat Fish Toad,1,1,5,2018-06-04T22:38:00,58410
371,Sriracha Dictionary Words,11,1,2,2018-05-10T13:12:00,58410
372,Ketchup Cat Dog,4,3,4,2019-05-02T11:41:00,58410
373,Apple Machine Ketchup,3,1,2,2019-12-03T11:32:00,58410
374,Ketchup Fish Fish,5,2,5,2018-10-12T21:45:00,58410
375,Fish Database Ketchup,11,2,4,2018-11-18T13:33:00,58410
376,Fish Potato Cat,2,1,4,2019-01-03T18:20:00,37583
377,Words Dictionary Dictionary,10,3,5,2018-02-08T21:24:00,37583
378,Dog Banana Sriracha,4,2,2,2018-11-02T13:38:00,37583
379,Ketchup Database Shrimp,3,3,5,2019-11-23T10:29:00,37583
380,Banana Dictionary Ketchup,5,1,2,2018-07-24T10:49:00,37583
381,Computer Dog Toad,5,2,4,2018-06-14T21:27:00,37583
382,Sriracha Words Cat,12,2,4,2018-11-02T20:25:00,37583
383,Toad Machine Banana,3,3,3,2019-07-07T22:48:00,37583
384,Potato Apple Dictionary,8,1,4,2018-01-16T18:54:00,37583
385,Banana Sriracha Machine,3,1,5,2018-06-05T20:35:00,37583
386,Database Cat Computer,1,3,5,2019-11-27T14:17:00,37583
387,Apple Fish Potato,10,1,5,2019-02-10T19:20:00,37583
388,Toad Machine Dictionary,2,3,2,2019-08-10T21:52:00,37583
389,Potato Sriracha Words,11,1,3,2018-07-10T10:47:00,81340
390,Fish Machine Elephant,8,2,3,2018-03-16T19:50:00,81340
391,Fish Words Cat,4,2,5,2018-04-08T20:54:00,81340
392,Potato Dog Machine,12,2,5,2018-12-28T22:27:00,81340
393,Elephant Fish Sriracha,1,3,5,2018-02-05T17:48:00,81340
394,Ketchup Toad Dictionary,1,1,5,2019-12-11T23:33:00,81340
395,Computer Computer Dog,10,1,4,2018-03-20T11:15:00,81340
396,Fish Ketchup Toad,4,2,5,2018-06-04T19:41:00,81340
397,Sriracha Apple Shrimp,9,1,2,2019-07-09T19:27:00,81340
398,Words Machine Dog,1,3,3,2018-01-18T12:12:00,81340
399,Database Potato Fish,10,1,5,2019-05-09T23:58:00,81340
400,Words Machine Fish,3,2,3,2018-12-04T16:28:00,81340
401,Machine Banana Database,12,2,4,2018-08-07T16:57:00,65856
402,Database Shrimp Banana,11,1,2,2018-08-15T21:38:00,65856
403,Ketchup Dictionary Computer,1,1,2,2018-12-17T21:43:00,65856
404,Banana Database Computer,3,2,3,2018-02-25T15:32:00,65856
405,Cat Banana Shrimp,9,3,3,2019-05-14T19:57:00,65856
406,Computer Sriracha Ketchup,4,3,3,2019-11-23T14:20:00,65856
407,Sriracha Sriracha Machine,6,2,3,2019-01-16T14:41:00,65856
408,Sriracha Dog Apple,3,1,4,2018-11-25T10:11:00,65856
409,Database Machine Elephant,6,3,3,2019-01-06T16:24:00,65856
410,Sriracha Fish Sriracha,7,2,5,2018-01-03T21:42:00,65856
411,Computer Sriracha Potato,11,1,3,2019-03-17T10:49:00,65856
412,Potato Elephant Cat,5,1,2,2019-01-21T15:25:00,65856
413,Fish Ketchup Words,9,1,5,2018-01-27T16:53:00,65856
414,Banana Sriracha Dog,4,1,2,2018-12-17T23:15:00,65856
415,Toad Database Dictionary,4,1,2,2018-09-09T21:32:00,84487
416,Banana Apple Computer,10,2,4,2019-11-24T21:42:00,84487
417,Shrimp Sriracha Fish,4,3,3,2018-04-02T23:47:00,84487
418,Sriracha Computer Words,1,1,2,2018-10-19T20:24:00,84487
419,Machine Sriracha Dictionary,3,2,5,2018-04-22T21:23:00,84487
420,Ketchup Cat Dog,10,3,3,2018-03-20T10:50:00,84487
421,Cat Dictionary Banana,1,1,4,2018-09-13T17:41:00,84487
422,Words Fish Machine,4,2,3,2018-01-20T16:23:00,84487
423,Database Elephant Fish,4,1,2,2019-07-26T23:20:00,84487
424,Dictionary Shrimp Fish,9,3,3,2019-07-19T17:28:00,84487
425,Machine Banana Machine,10,3,5,2019-06-08T19:43:00,84487
426,Computer Machine Dog,7,3,5,2019-02-06T16:53:00,37711
427,Toad Elephant Database,2,1,5,2018-09-21T22:31:00,37711
428,Elephant Ketchup Apple,11,2,5,2019-06-16T14:28:00,37711
429,Database Apple Cat,3,2,2,2018-10-06T15:54:00,37711
430,Computer Database Machine,8,3,4,2019-02-23T18:33:00,37711
431,Banana Cat Words,3,3,5,2018-01-17T14:52:00,63005
432,Database Cat Words,2,1,3,2019-03-17T10:24:00,63005
433,Banana Ketchup Sriracha,3,1,5,2018-07-08T10:46:00,63005
434,Dictionary Computer Sriracha,4,3,5,2018-01-04T13:43:00,63005
435,Shrimp Cat Cat,3,2,3,2019-10-06T18:25:00,97543
436,Computer Database Shrimp,1,3,3,2019-04-18T15:44:00,97543
437,Shrimp Potato Elephant,11,3,4,2018-07-17T20:57:00,97543
438,Toad Dog Cat,2,2,2,2019-04-15T21:33:00,97543
439,Toad Banana Banana,9,3,5,2018-05-18T10:44:00,44403
440,Toad Fish Words,11,1,2,2019-03-19T14:59:00,44403
441,Fish Machine Database,10,1,3,2019-03-01T13:22:00,44403
442,Fish Shrimp Words,4,1,2,2019-09-24T11:42:00,44403
443,Dog Banana Sriracha,5,1,5,2018-10-18T10:56:00,44403
444,Apple Shrimp Banana,4,1,5,2019-07-25T12:50:00,44403
445,Shrimp Words Ketchup,4,2,3,2019-07-27T22:46:00,44403
446,Cat Cat Words,11,1,5,2019-09-14T23:47:00,44403
447,Database Cat Words,3,1,5,2018-02-09T18:47:00,96988
448,Database Dictionary Potato,8,2,5,2018-12-12T13:23:00,96988
449,Database Machine Machine,5,2,2,2018-04-06T10:27:00,96988
450,Words Ketchup Words,6,3,4,2018-01-06T15:53:00,96988
451,Words Elephant Toad,11,3,4,2019-04-03T22:43:00,96988
452,Shrimp Machine Machine,2,2,5,2018-01-26T19:53:00,96988
453,Elephant Machine Dog,5,3,2,2019-04-27T15:32:00,96988
454,Toad Computer Machine,8,3,4,2019-11-27T16:57:00,96988
455,Toad Computer Dictionary,7,3,2,2019-03-21T20:14:00,96988
456,Dog Computer Words,4,3,5,2018-03-10T11:56:00,96988
457,Dog Machine Database,2,1,5,2018-04-21T17:26:00,96988
458,Computer Fish Banana,7,3,3,2019-06-12T22:20:00,96988
459,Cat Sriracha Fish,10,1,3,2018-05-23T16:23:00,68608
460,Potato Database Dictionary,6,2,3,2019-04-18T18:11:00,68608
461,Words Elephant Dictionary,12,3,5,2019-06-23T23:41:00,68608
462,Elephant Cat Potato,4,1,2,2019-03-04T20:27:00,68608
463,Toad Machine Apple,8,1,4,2019-01-12T17:31:00,68608
464,Fish Words Elephant,10,1,4,2019-04-22T13:24:00,68608
465,Shrimp Ketchup Potato,9,3,5,2019-05-11T15:53:00,68608
466,Toad Potato Potato,1,1,4,2019-02-17T11:49:00,68608
467,Dictionary Fish Banana,11,1,4,2018-07-21T17:59:00,71233
468,Shrimp Machine Dictionary,5,3,2,2019-02-12T19:49:00,71233
469,Toad Sriracha Shrimp,12,3,4,2018-10-16T19:36:00,71233
470,Ketchup Sriracha Words,3,2,2,2018-05-17T13:55:00,71233
471,Cat Cat Potato,8,1,3,2019-12-18T12:11:00,71233
472,Shrimp Sriracha Machine,3,2,2,2019-11-03T17:53:00,95564
473,Cat Fish Machine,7,2,2,2018-01-28T15:35:00,95564
474,Banana Words Toad,12,2,2,2018-11-16T19:15:00,95564
475,Apple Database Machine,9,1,2,2018-06-14T10:42:00,95564
476,Apple Toad Machine,11,2,4,2019-08-09T15:38:00,95564
477,Machine Ketchup Sriracha,5,2,4,2019-05-24T11:34:00,95564
478,Ketchup Dog Cat,10,1,2,2019-08-12T12:41:00,95564
479,Dog Banana Elephant,8,3,4,2018-12-15T20:59:00,95564
480,Ketchup Banana Words,4,1,2,2019-11-08T14:54:00,95564
481,Machine Elephant Elephant,4,3,2,2018-07-05T19:19:00,95564
482,Elephant Database Potato,9,1,5,2019-08-07T11:54:00,95564
483,Dictionary Sriracha Banana,12,2,5,2019-03-11T14:55:00,95564
484,Ketchup Words Fish,11,3,3,2019-09-01T15:16:00,95564
485,Elephant Apple Dictionary,11,1,2,2019-07-25T15:49:00,95564
486,Dictionary Elephant Ketchup,11,2,2,2019-09-15T12:32:00,95564
487,Cat Dog Computer,12,3,5,2018-02-14T13:30:00,95564
488,Toad Ketchup Toad,8,3,3,2019-03-17T11:15:00,95564
489,Banana Dictionary Dog,7,1,2,2019-05-23T16:59:00,95564
490,Machine Potato Toad,9,3,2,2019-02-25T18:35:00,95564
491,Banana Potato Computer,5,2,3,2018-09-27T18:40:00,70041
492,Toad Words Machine,8,3,2,2019-02-24T15:26:00,70041
493,Banana Dog Words,11,3,5,2018-05-24T20:21:00,70041
494,Words Potato Elephant,5,2,4,2019-03-26T14:39:00,70041
495,Ketchup Words Toad,9,3,5,2019-03-15T14:57:00,70041
496,Toad Dog Potato,3,2,4,2019-06-24T20:23:00,70041
497,Dog Cat Dog,1,1,4,2018-02-28T12:55:00,70041
498,Fish Machine Elephant,10,3,3,2019-02-28T14:18:00,70041
499,Sriracha Sriracha Computer,8,3,2,2019-07-06T22:48:00,70041
500,Dog Potato Cat,8,2,2,2018-07-24T15:30:00,70041
501,Words Apple Apple,3,1,3,2018-07-11T17:31:00,70041
502,Database Dog Database,5,3,5,2018-10-23T19:23:00,70041
503,Banana Fish Sriracha,6,1,4,2018-09-02T23:19:00,37053
504,Elephant Dog Ketchup,11,1,3,2019-03-01T15:12:00,37053
505,Elephant Database Shrimp,5,1,3,2018-12-05T10:46:00,37053
506,Computer Shrimp Shrimp,3,2,3,2018-06-18T18:49:00,37053
507,Dog Elephant Potato,5,1,3,2018-04-26T23:54:00,37053
508,Words Shrimp Database,8,2,4,2018-10-16T21:29:00,37053
509,Words Sriracha Dictionary,12,3,4,2018-03-12T22:39:00,37053
510,Fish Sriracha Shrimp,6,1,4,2019-02-25T11:20:00,37053
511,Dog Ketchup Apple,10,2,3,2018-11-02T15:30:00,37053
512,Shrimp Shrimp Potato,12,2,4,2018-12-07T19:46:00,37053
513,Computer Sriracha Apple,5,1,4,2019-09-10T16:23:00,39440
514,Cat Sriracha Banana,2,2,4,2018-10-15T22:31:00,39440
515,Ketchup Dog Dog,4,3,2,2018-03-19T12:43:00,39440
516,Cat Potato Potato,6,1,5,2019-10-16T13:53:00,39440
517,Cat Database Computer,4,1,3,2018-06-28T21:24:00,39440
518,Cat Fish Words,3,1,3,2019-12-17T16:19:00,39440
519,Sriracha Fish Ketchup,10,2,5,2018-09-24T18:14:00,39440
520,Database Dictionary Computer,7,3,2,2019-03-08T16:30:00,39440
521,Machine Database Elephant,3,3,4,2018-11-02T10:55:00,39440
522,Fish Sriracha Elephant,5,3,2,2019-10-25T18:11:00,62667
523,Shrimp Computer Apple,1,2,2,2019-06-22T19:57:00,62667
524,Fish Database Banana,1,1,2,2019-07-26T11:59:00,62667
525,Words Computer Dog,11,1,3,2019-06-06T23:51:00,62667
526,Elephant Sriracha Database,7,2,2,2018-03-02T12:31:00,62667
527,Database Database Shrimp,12,1,5,2019-05-23T19:24:00,62667
528,Words Computer Potato,5,2,5,2019-04-22T10:14:00,62667
529,Banana Elephant Dog,8,1,3,2018-11-23T10:17:00,16203
530,Shrimp Database Database,4,3,3,2019-12-28T12:59:00,16203
531,Banana Fish Cat,7,2,5,2018-01-13T18:17:00,16203
532,Ketchup Words Apple,11,3,3,2018-09-28T19:25:00,98389
533,Apple Toad Database,1,1,2,2018-02-28T23:36:00,98389
534,Dog Shrimp Dictionary,3,2,4,2019-03-12T23:10:00,98389
535,Banana Ketchup Toad,1,2,4,2019-09-20T13:50:00,98389
536,Banana Toad Cat,9,1,4,2019-01-20T10:16:00,98389
537,Shrimp Ketchup Apple,4,3,5,2019-05-05T16:15:00,98389
538,Ketchup Words Banana,7,1,5,2019-04-25T16:24:00,98389
539,Elephant Machine Apple,2,1,3,2018-11-26T17:14:00,98389
540,Potato Database Database,9,2,4,2019-12-07T11:53:00,25456
541,Elephant Cat Computer,4,1,2,2019-01-12T15:18:00,25456
542,Machine Apple Database,8,2,3,2018-06-05T20:48:00,25456
543,Toad Banana Machine,7,3,3,2019-11-01T13:23:00,25456
544,Apple Ketchup Cat,3,2,5,2019-08-17T21:46:00,25456
545,Ketchup Sriracha Elephant,6,2,5,2018-06-06T11:34:00,25456
546,Cat Words Fish,12,3,3,2019-04-27T12:20:00,25456
547,Shrimp Banana Cat,12,2,3,2018-07-13T22:21:00,25456
548,Sriracha Cat Computer,11,2,3,2019-03-08T11:37:00,25456
549,Words Fish Computer,8,2,4,2019-12-08T13:32:00,25456
550,Cat Shrimp Dictionary,8,3,5,2019-06-12T17:56:00,25456
551,Sriracha Potato Computer,5,3,3,2018-12-08T13:30:00,25456
552,Cat Database Shrimp,3,3,4,2019-01-08T13:18:00,25456
553,Dictionary Potato Cat,2,3,3,2019-07-06T21:28:00,25456
554,Machine Words Apple,3,1,5,2019-12-20T10:45:00,25456
555,Apple Shrimp Toad,11,1,3,2018-02-25T18:42:00,88969
556,Computer Elephant Elephant,6,3,2,2019-03-06T11:55:00,88969
557,Cat Dictionary Shrimp,5,2,5,2019-12-22T16:47:00,88969
558,Shrimp Banana Cat,2,1,3,2018-04-02T20:11:00,88969
559,Database Apple Computer,4,2,3,2018-03-15T18:51:00,88969
560,Computer Dog Dictionary,3,3,5,2018-05-21T16:30:00,88969
561,Banana Machine Sriracha,4,2,4,2019-04-23T23:51:00,88969
562,Ketchup Dog Ketchup,9,2,5,2019-10-14T19:31:00,88969
563,Computer Toad Shrimp,7,2,3,2018-05-03T13:53:00,88969
564,Words Ketchup Computer,2,2,2,2018-08-25T10:33:00,88969
565,Words Ketchup Dictionary,2,1,3,2018-06-20T11:54:00,88969
566,Apple Ketchup Fish,4,3,3,2019-09-21T22:30:00,88969
567,Dog Apple Potato,8,2,2,2018-02-06T18:13:00,13679
568,Fish Words Cat,11,3,2,2019-09-12T23:29:00,13679
569,Elephant Cat Words,6,3,3,2019-02-28T23:51:00,13679
570,Dictionary Toad Apple,6,3,3,2018-02-13T19:27:00,13679
571,Words Toad Ketchup,7,2,3,2018-01-04T12:49:00,13679
572,Database Potato Banana,5,3,2,2019-11-17T21:16:00,13679
573,Fish Elephant Fish,7,2,5,2019-06-25T10:15:00,13679
574,Database Database Dictionary,9,1,5,2018-03-12T23:52:00,13679
575,Elephant Dictionary Dictionary,6,2,5,2019-03-20T18:25:00,13679
576,Dog Toad Shrimp,1,1,5,2019-09-20T18:41:00,13679
577,Fish Ketchup Fish,3,1,2,2019-05-01T23:55:00,13679
578,Elephant Computer Fish,8,3,2,2018-12-22T19:31:00,13679
579,Shrimp Database Apple,2,1,2,2019-12-11T13:42:00,13679
580,Shrimp Sriracha Sriracha,4,1,5,2019-07-09T13:46:00,13679
581,Machine Computer Sriracha,6,1,2,2019-06-10T15:24:00,13679
582,Dictionary Dictionary Dog,3,1,2,2018-10-22T23:48:00,13679
583,Cat Elephant Toad,12,1,5,2019-10-28T22:17:00,79931
584,Dog Elephant Computer,1,3,4,2019-07-11T10:34:00,79931
585,Machine Banana Dictionary,9,1,4,2019-05-04T21:11:00,79931
586,Elephant Banana Toad,1,3,2,2019-05-13T23:35:00,79931
587,Cat Dictionary Dog,1,2,4,2018-01-02T23:53:00,79931
588,Potato Apple Words,2,2,2,2019-04-12T15:25:00,79931
589,Potato Words Database,12,3,5,2018-10-15T19:58:00,79931
590,Elephant Ketchup Banana,12,1,4,2019-09-12T12:47:00,79931
591,Dog Database Apple,2,3,3,2018-07-04T17:13:00,79931
592,Fish Toad Apple,10,3,5,2018-08-25T11:52:00,79931
593,Apple Dictionary Fish,11,2,4,2019-03-06T14:23:00,79931
594,Dictionary Database Potato,1,1,2,2019-04-20T19:42:00,79931
595,Shrimp Banana Machine,8,2,2,2018-11-20T15:14:00,79931
596,Ketchup Toad Apple,8,2,5,2019-02-24T15:18:00,79931
597,Sriracha Shrimp Elephant,9,2,2,2019-08-05T18:40:00,79931
598,Shrimp Banana Apple,12,1,5,2019-12-07T11:18:00,79931
599,Shrimp Dog Ketchup,3,1,5,2019-01-17T23:31:00,79931
600,Banana Database Database,1,2,4,2019-05-18T17:24:00,61635
601,Elephant Cat Potato,6,1,4,2019-01-11T11:45:00,61635
602,Shrimp Machine Banana,4,1,4,2018-01-15T21:55:00,61635
603,Dictionary Shrimp Fish,5,2,2,2018-06-15T15:17:00,61635
604,Apple Machine Toad,4,3,3,2019-09-22T10:26:00,61635
605,Dictionary Sriracha Apple,6,2,2,2019-01-10T15:41:00,61635
606,Banana Ketchup Shrimp,2,3,4,2019-06-15T17:30:00,61635
607,Apple Toad Computer,7,2,5,2018-05-25T20:49:00,61635
608,Database Cat Cat,4,3,3,2019-11-10T12:48:00,61635
609,Apple Elephant Sriracha,4,1,4,2019-03-14T11:45:00,61635
610,Toad Apple Sriracha,2,2,3,2018-12-09T21:32:00,61635
611,Cat Fish Sriracha,1,2,5,2019-05-17T11:54:00,61635
612,Apple Words Machine,1,1,2,2018-04-23T12:57:00,61635
613,Machine Database Words,7,3,3,2018-03-08T13:39:00,61635
614,Dog Dog Cat,2,2,2,2019-01-13T18:50:00,61635
615,Database Toad Apple,12,3,5,2018-10-06T22:46:00,61635
616,Fish Machine Banana,6,2,2,2018-03-12T23:18:00,61635
617,Dictionary Dog Toad,5,2,3,2019-02-08T11:14:00,61635
618,Machine Fish Toad,1,3,2,2019-10-22T17:26:00,98714
619,Banana Dog Cat,8,3,4,2018-03-13T15:20:00,98714
620,Potato Words Potato,6,1,4,2018-05-24T16:15:00,98714
621,Computer Cat Dictionary,4,2,4,2019-07-04T10:52:00,50223
622,Ketchup Banana Database,4,2,2,2019-11-12T14:53:00,50223
623,Potato Words Computer,11,1,5,2019-11-16T13:34:00,50223
624,Ketchup Ketchup Shrimp,9,3,2,2019-12-06T14:47:00,50223
625,Dictionary Apple Computer,12,3,4,2019-06-15T19:55:00,50223
626,Database Machine Fish,2,2,5,2019-04-27T18:41:00,50223
627,Elephant Apple Ketchup,6,3,2,2018-09-04T10:30:00,50223
628,Ketchup Potato Computer,3,3,5,2019-11-02T11:17:00,50223
629,Potato Fish Elephant,11,3,4,2019-05-02T13:10:00,50223
630,Ketchup Cat Potato,3,3,3,2018-01-28T13:18:00,50223
631,Sriracha Sriracha Computer,3,2,5,2018-03-27T11:56:00,50223
632,Computer Sriracha Elephant,7,3,4,2019-08-18T10:46:00,45298
633,Ketchup Database Apple,5,1,2,2019-12-28T16:33:00,45298
634,Dog Database Fish,1,1,3,2019-11-02T21:48:00,45298
635,Potato Apple Words,6,2,2,2019-03-12T12:22:00,45298
636,Ketchup Cat Dictionary,7,3,5,2019-08-17T21:37:00,45298
637,Computer Machine Ketchup,1,1,3,2019-08-21T10:13:00,23358
638,Database Apple Cat,5,3,2,2019-10-21T16:58:00,23358
639,Elephant Fish Sriracha,9,3,3,2018-05-02T17:26:00,23358
640,Dog Computer Banana,9,2,5,2018-02-10T18:26:00,45654
641,Elephant Fish Fish,6,1,5,2019-07-13T11:19:00,45654
642,Dictionary Computer Banana,3,3,5,2019-02-01T11:52:00,45654
643,Ketchup Elephant Words,8,3,3,2018-10-27T22:20:00,45654
644,Toad Toad Cat,9,2,4,2019-08-23T20:17:00,45654
645,Apple Sriracha Machine,9,1,3,2018-06-22T22:48:00,45654
646,Potato Database Dog,4,2,4,2018-10-07T19:50:00,45654
647,Shrimp Words Database,5,1,2,2019-02-28T19:46:00,45654
648,Ketchup Elephant Dog,4,2,3,2019-03-12T16:58:00,45654
649,Banana Words Machine,1,2,5,2018-10-03T19:59:00,24324
650,Words Words Banana,5,3,4,2018-08-11T13:13:00,24324
651,Toad Machine Shrimp,3,2,5,2018-06-06T13:31:00,24324
652,Fish Banana Potato,11,2,5,2018-10-23T15:23:00,24324
653,Dictionary Words Potato,7,2,4,2018-11-16T23:27:00,24324
654,Cat Apple Words,10,2,4,2018-01-10T17:57:00,24324
655,Database Shrimp Computer,9,1,5,2018-10-24T19:49:00,24324
656,Potato Toad Cat,9,1,2,2019-11-24T16:51:00,24324
657,Fish Apple Ketchup,2,3,2,2018-04-26T14:50:00,24324
658,Potato Dog Elephant,1,1,4,2018-08-02T14:43:00,24324
659,Banana Fish Apple,5,1,3,2018-09-13T20:44:00,24324
660,Potato Banana Apple,11,2,2,2019-04-02T10:39:00,24324
661,Dictionary Banana Computer,4,3,2,2018-12-21T13:36:00,24324
662,Shrimp Words Potato,3,3,4,2019-07-27T10:34:00,24324
663,Ketchup Machine Banana,1,3,4,2019-07-28T11:26:00,24324
664,Machine Apple Dog,12,3,2,2018-03-09T12:38:00,24324
665,Banana Machine Fish,12,3,4,2019-01-12T14:22:00,10847
666,Dog Computer Fish,3,3,5,2019-10-15T16:52:00,10847
667,Shrimp Computer Elephant,3,2,3,2018-05-08T17:23:00,10847
668,Shrimp Potato Potato,10,3,3,2019-03-10T12:52:00,10847
669,Database Toad Database,11,2,3,2019-04-15T17:36:00,10847
670,Elephant Words Words,8,3,3,2019-09-24T21:25:00,10847
671,Machine Apple Sriracha,8,3,2,2019-11-21T21:16:00,10847
672,Banana Elephant Dog,6,2,3,2019-01-21T10:50:00,10847
673,Banana Dictionary Elephant,12,2,2,2019-09-17T10:12:00,10847
674,Computer Potato Sriracha,12,2,5,2019-04-08T12:35:00,10847
675,Dog Words Elephant,11,2,5,2018-07-24T23:50:00,10847
676,Fish Toad Apple,11,1,4,2019-07-16T11:35:00,10847
677,Banana Sriracha Cat,8,3,2,2019-02-13T19:35:00,10847
678,Words Dictionary Fish,11,3,2,2018-03-04T19:51:00,10847
679,Elephant Fish Apple,12,1,3,2018-06-18T10:59:00,10847
680,Fish Fish Machine,2,2,4,2019-08-25T21:27:00,67370
681,Dictionary Potato Dog,3,2,3,2019-02-09T16:25:00,67370
682,Words Elephant Words,10,1,2,2018-03-15T17:33:00,67370
683,Machine Banana Apple,7,2,5,2019-10-22T10:31:00,67370
684,Apple Ketchup Machine,8,1,2,2018-11-25T12:11:00,67370
685,Database Apple Banana,10,2,4,2018-02-02T22:22:00,67370
686,Dog Ketchup Sriracha,11,1,4,2018-10-24T10:32:00,67370
687,Cat Sriracha Fish,3,3,2,2019-02-25T15:51:00,67370
688,Database Banana Shrimp,9,2,3,2019-12-09T13:18:00,67370
689,Shrimp Elephant Apple,5,2,2,2018-05-28T11:42:00,67370
690,Sriracha Fish Sriracha,11,2,4,2018-07-16T18:13:00,67370
691,Computer Shrimp Fish,4,2,2,2019-11-09T22:17:00,67370
692,Dictionary Shrimp Computer,3,1,2,2019-06-11T20:36:00,67370
693,Dictionary Words Dictionary,6,2,2,2019-02-19T13:59:00,67370
694,Elephant Elephant Computer,5,1,5,2019-06-23T10:21:00,67370
695,Cat Ketchup Shrimp,8,2,4,2018-09-01T16:31:00,67370
696,Words Shrimp Elephant,9,1,5,2018-07-21T17:15:00,67370
697,Potato Shrimp Sriracha,1,3,3,2018-11-06T16:33:00,57730
698,Potato Sriracha Computer,7,3,3,2019-01-01T22:29:00,57730
699,Dictionary Elephant Potato,10,3,5,2018-09-14T15:15:00,57730
700,Sriracha Apple Database,10,3,5,2019-04-18T10:53:00,57730
701,Banana Sriracha Database,10,2,5,2019-11-21T13:39:00,57730
702,Banana Potato Shrimp,7,2,4,2019-12-13T13:15:00,57730
703,Sriracha Dog Dictionary,8,3,4,2018-05-24T15:26:00,57730
704,Machine Toad Dictionary,3,2,4,2019-04-26T23:21:00,57730
705,Cat Dog Fish,11,3,4,2019-01-21T19:32:00,57730
706,Shrimp Fish Banana,1,3,4,2019-09-28T17:22:00,44589
707,Toad Machine Potato,2,1,5,2018-09-25T22:42:00,44589
708,Banana Cat Machine,9,2,5,2019-07-28T11:21:00,44589
709,Ketchup Apple Elephant,9,3,2,2018-04-23T16:53:00,44589
710,Computer Fish Database,5,1,2,2019-07-18T10:40:00,44589
711,Ketchup Potato Shrimp,8,1,4,2019-04-18T13:50:00,44589
712,Database Elephant Cat,5,1,4,2018-12-12T11:35:00,44589
713,Machine Database Shrimp,2,2,4,2018-11-13T16:25:00,44589
714,Words Machine Sriracha,6,2,5,2019-07-19T18:19:00,44589
715,Words Words Database,10,3,2,2018-03-14T18:58:00,44589
716,Computer Computer Words,10,3,3,2019-07-02T11:23:00,28009
717,Toad Database Sriracha,10,3,5,2018-09-02T17:41:00,28009
718,Machine Database Toad,11,2,3,2018-02-07T13:25:00,28009
719,Shrimp Database Toad,7,2,5,2019-06-14T11:45:00,28009
720,Machine Potato Toad,11,1,2,2018-10-17T17:47:00,28009
721,Shrimp Apple Potato,4,3,4,2019-10-11T13:37:00,28009
722,Database Banana Computer,7,2,4,2019-11-17T11:18:00,23654
723,Elephant Banana Banana,5,3,3,2018-06-23T10:35:00,23654
724,Words Machine Banana,4,3,4,2018-11-25T17:59:00,23654
725,Shrimp Database Cat,10,2,4,2019-04-15T20:41:00,23654
726,Cat Shrimp Dictionary,6,3,5,2018-07-15T11:12:00,23654
727,Potato Apple Apple,5,2,5,2019-04-10T18:49:00,23654
728,Ketchup Words Shrimp,1,2,4,2018-11-23T12:37:00,23654
729,Cat Ketchup Database,5,2,5,2019-01-01T18:35:00,23654
730,Fish Toad Shrimp,5,1,4,2019-04-23T21:24:00,23654
731,Dog Computer Computer,1,1,5,2019-03-08T21:28:00,23654
732,Fish Toad Dictionary,8,2,4,2018-07-07T21:13:00,23654
733,Apple Database Banana,3,2,3,2019-01-16T21:41:00,23654
734,Words Apple Database,3,1,5,2018-04-26T17:16:00,23654
735,Toad Database Cat,4,2,5,2018-12-07T10:54:00,95462
736,Toad Elephant Machine,4,3,2,2019-07-08T17:29:00,95462
737,Shrimp Potato Fish,8,2,3,2018-08-25T11:38:00,95462
738,Dog Apple Elephant,8,1,2,2019-11-25T23:39:00,95462
739,Database Ketchup Potato,5,3,2,2018-01-11T11:50:00,95462
740,Ketchup Dictionary Database,9,1,2,2018-06-16T23:53:00,95462
741,Machine Ketchup Sriracha,2,1,5,2018-03-24T20:14:00,95462
742,Potato Words Dog,7,3,2,2019-04-11T18:23:00,95462
743,Shrimp Sriracha Ketchup,9,2,2,2019-09-24T20:57:00,95462
744,Cat Apple Words,6,3,4,2019-02-06T14:28:00,95462
745,Dog Potato Machine,1,3,4,2018-04-11T23:23:00,95462
746,Shrimp Dog Dictionary,4,1,4,2018-06-18T19:58:00,95462
747,Toad Elephant Computer,8,1,4,2019-10-19T21:39:00,95462
748,Ketchup Elephant Computer,1,1,4,2018-10-18T16:44:00,95462
749,Elephant Words Potato,3,1,2,2019-10-07T19:50:00,95462
750,Words Elephant Database,7,3,2,2018-06-20T20:48:00,95462
751,Elephant Banana Toad,3,1,3,2018-11-05T18:10:00,95462
752,Dog Toad Computer,7,3,2,2018-01-13T17:43:00,95462
753,Dictionary Sriracha Cat,8,3,2,2019-03-13T23:41:00,86491
754,Computer Fish Cat,5,3,3,2019-10-13T16:38:00,86491
755,Dictionary Apple Banana,4,2,4,2019-04-19T13:14:00,86491
756,Potato Dog Toad,4,1,2,2018-12-19T19:14:00,77089
757,Elephant Apple Computer,2,2,4,2018-08-16T19:11:00,77089
758,Toad Machine Banana,2,2,3,2018-05-28T20:20:00,77089
759,Sriracha Database Machine,7,2,2,2018-11-02T22:22:00,77089
760,Potato Ketchup Computer,6,2,2,2018-07-08T20:48:00,77089
761,Sriracha Words Cat,9,3,4,2019-09-10T10:21:00,84366
762,Toad Dog Ketchup,9,2,4,2019-01-24T20:40:00,84366
763,Banana Toad Sriracha,4,1,3,2018-11-27T14:26:00,84366
764,Fish Ketchup Dog,1,1,3,2018-09-08T14:54:00,84366
765,Toad Shrimp Toad,8,3,5,2018-10-16T16:44:00,84366
766,Ketchup Shrimp Dog,2,2,2,2018-06-22T16:14:00,84366
767,Elephant Dog Fish,9,3,3,2019-03-11T11:41:00,84366
768,Machine Dictionary Shrimp,3,2,3,2018-09-16T12:49:00,84366
769,Dog Banana Apple,12,2,5,2018-03-27T21:42:00,84366
770,Ketchup Database Potato,9,3,2,2019-11-15T15:39:00,84366
771,Computer Banana Words,10,2,4,2019-05-26T18:10:00,84366
772,Fish Cat Cat,3,2,2,2018-04-08T17:42:00,84366
773,Database Elephant Shrimp,6,1,2,2019-08-08T17:10:00,87186
774,Words Cat Elephant,2,2,5,2019-03-28T22:58:00,87186
775,Database Elephant Machine,12,3,5,2019-02-21T18:25:00,87186
776,Words Database Potato,8,1,2,2018-06-19T20:18:00,87186
777,Potato Fish Fish,3,1,5,2018-09-24T16:56:00,87186
778,Apple Apple Database,9,1,3,2019-08-19T10:52:00,87186
779,Machine Machine Toad,8,3,5,2019-10-03T13:17:00,87186
780,Toad Dictionary Words,7,1,4,2019-06-11T20:36:00,87186
781,Banana Apple Toad,6,1,5,2019-05-17T10:35:00,87186
782,Fish Cat Words,10,3,3,2018-01-01T22:51:00,81231
783,Computer Machine Words,1,3,4,2018-05-07T13:41:00,81231
784,Toad Cat Words,4,1,2,2018-04-02T10:43:00,81231
785,Fish Potato Elephant,12,2,5,2018-07-18T23:17:00,81231
786,Ketchup Dog Database,12,3,3,2019-06-11T23:38:00,81231
787,Dictionary Toad Apple,12,1,4,2018-08-23T18:30:00,81231
788,Apple Ketchup Ketchup,3,2,4,2019-05-12T22:31:00,81231
789,Ketchup Banana Potato,1,2,2,2019-12-02T18:42:00,81231
790,Sriracha Cat Computer,5,2,5,2018-12-06T19:21:00,81231
791,Apple Sriracha Cat,4,3,5,2019-02-02T22:21:00,81231
792,Toad Dictionary Computer,5,3,5,2019-05-25T14:20:00,81231
793,Apple Shrimp Toad,4,1,4,2018-07-28T17:15:00,81231
794,Database Dictionary Apple,9,2,2,2019-07-12T23:36:00,81231
795,Dog Dictionary Machine,10,3,3,2019-05-17T20:10:00,95446
796,Potato Apple Toad,3,1,5,2018-03-27T16:48:00,95446
797,Sriracha Computer Potato,8,2,4,2018-09-27T22:18:00,95446
798,Banana Apple Apple,3,3,2,2018-06-18T11:14:00,95446
799,Fish Toad Computer,7,1,2,2019-01-03T10:58:00,95446
800,Machine Shrimp Computer,8,2,3,2018-04-20T11:14:00,95446
801,Banana Cat Dictionary,3,3,3,2018-08-13T20:23:00,95446
802,Elephant Elephant Cat,3,1,2,2019-06-20T21:37:00,95446
803,Database Fish Banana,4,2,5,2019-05-01T20:38:00,95446
804,Toad Ketchup Banana,8,3,2,2018-01-26T19:50:00,95446
805,Words Ketchup Machine,4,3,5,2019-06-12T19:45:00,95446
806,Words Dog Banana,4,1,4,2019-12-13T19:36:00,95446
807,Apple Banana Ketchup,10,1,5,2019-03-10T20:48:00,95446
808,Elephant Elephant Words,6,1,3,2018-11-06T13:28:00,67170
809,Cat Elephant Dog,9,2,5,2018-02-18T20:16:00,67170
810,Apple Banana Words,2,3,5,2019-05-28T15:39:00,67170
811,Toad Cat Dog,4,2,4,2018-01-23T17:25:00,67170
812,Banana Sriracha Dictionary,10,1,3,2018-08-10T17:27:00,67170
813,Dog Toad Shrimp,2,3,5,2018-05-11T14:21:00,67170
814,Fish Shrimp Shrimp,10,2,2,2018-07-01T22:12:00,67170
815,Sriracha Ketchup Machine,3,2,2,2018-01-21T17:50:00,67170
816,Machine Elephant Cat,8,2,5,2019-04-27T14:40:00,67170
817,Computer Apple Banana,8,2,3,2019-02-09T14:43:00,67170
818,Database Banana Database,9,1,2,2018-08-01T13:25:00,67170
819,Apple Apple Elephant,6,3,4,2019-12-13T12:28:00,67170
820,Toad Cat Dog,1,3,2,2018-05-14T23:44:00,67170
821,Machine Elephant Shrimp,8,2,3,2018-07-20T22:27:00,70148
822,Machine Toad Potato,6,2,5,2018-01-06T17:58:00,70148
823,Banana Dictionary Dog,3,2,3,2019-02-13T12:31:00,70148
824,Potato Banana Database,2,1,2,2018-02-26T21:31:00,70148
825,Fish Dictionary Cat,11,3,3,2018-04-19T12:46:00,70148
826,Toad Database Computer,9,3,3,2019-02-16T18:32:00,70148
827,Elephant Toad Elephant,1,1,3,2018-08-28T18:20:00,70148
828,Banana Machine Dictionary,7,1,4,2018-07-03T13:16:00,70148
829,Dictionary Machine Fish,8,1,5,2018-11-23T15:59:00,70148
830,Elephant Potato Toad,6,2,5,2019-06-02T20:11:00,70148
831,Elephant Words Sriracha,11,3,3,2019-12-21T10:55:00,70148
832,Computer Database Cat,8,2,4,2018-11-12T12:25:00,95947
833,Dog Potato Potato,12,3,2,2019-12-07T12:43:00,95947
834,Computer Computer Toad,2,1,4,2019-06-27T18:46:00,95947
835,Sriracha Elephant Dog,9,3,3,2018-12-28T10:19:00,95947
836,Ketchup Dog Shrimp,3,1,3,2019-06-05T22:36:00,95947
837,Dog Machine Toad,8,3,2,2018-08-10T16:14:00,95947
838,Cat Dictionary Apple,9,1,2,2019-04-08T14:13:00,95947
839,Computer Sriracha Apple,8,2,2,2019-05-15T11:26:00,95947
840,Potato Dog Sriracha,2,1,5,2018-04-24T11:49:00,95947
841,Toad Sriracha Computer,4,1,4,2018-07-19T18:45:00,95947
842,Ketchup Potato Computer,7,2,4,2019-10-19T14:38:00,95947
843,Fish Machine Computer,1,3,3,2018-11-06T23:31:00,95947
844,Dictionary Words Toad,8,1,5,2018-07-04T10:55:00,95947
845,Toad Ketchup Toad,7,3,3,2019-01-20T10:36:00,95947
846,Database Apple Sriracha,11,2,3,2018-01-22T10:47:00,95947
847,Shrimp Words Words,7,1,5,2019-06-16T22:46:00,95947
848,Dictionary Potato Cat,3,3,2,2019-03-26T20:27:00,95947
849,Elephant Machine Machine,1,3,4,2018-12-27T11:46:00,95947
850,Sriracha Dog Dog,7,2,2,2018-05-06T11:14:00,95947
851,Elephant Dog Machine,4,1,4,2019-12-10T22:29:00,43295
852,Elephant Banana Elephant,3,1,3,2018-06-13T15:42:00,43295
853,Sriracha Fish Banana,8,1,2,2018-08-04T21:57:00,43295
854,Cat Dog Ketchup,6,1,5,2018-01-25T19:36:00,43295
855,Fish Ketchup Computer,2,1,4,2019-03-19T11:37:00,43295
856,Shrimp Dog Potato,12,1,3,2019-08-27T18:51:00,43295
857,Apple Cat Shrimp,7,2,3,2018-05-25T14:55:00,43295
858,Potato Dictionary Toad,12,3,3,2019-07-15T23:30:00,43295
859,Fish Cat Machine,10,3,3,2019-06-04T13:30:00,43295
860,Ketchup Computer Database,9,2,4,2018-02-18T12:29:00,43295
861,Cat Elephant Apple,8,1,5,2019-09-01T18:22:00,43295
862,Banana Potato Words,8,1,3,2019-02-26T20:50:00,43295
863,Potato Fish Fish,12,2,5,2018-09-28T13:59:00,43295
864,Computer Machine Computer,8,1,2,2019-04-01T22:24:00,43295
865,Elephant Apple Toad,5,1,5,2019-11-07T13:43:00,43295
866,Sriracha Banana Cat,11,1,3,2018-07-16T15:33:00,43295
867,Computer Fish Shrimp,9,2,5,2018-05-11T15:54:00,43295
868,Shrimp Computer Dictionary,6,2,5,2018-08-23T19:23:00,59111
869,Banana Ketchup Shrimp,10,3,3,2019-01-23T22:16:00,59111
870,Machine Fish Toad,10,3,4,2019-03-10T22:29:00,59111
871,Sriracha Dog Machine,8,2,3,2018-03-25T15:47:00,59111
872,Fish Dog Dictionary,4,3,3,2018-07-12T20:49:00,59111
873,Banana Ketchup Toad,4,2,5,2018-01-10T22:42:00,59111
874,Banana Ketchup Toad,5,2,5,2018-05-21T12:11:00,83013
875,Toad Toad Cat,10,2,4,2019-08-27T12:22:00,83013
876,Fish Cat Words,1,2,2,2018-06-21T15:47:00,83013
877,Ketchup Fish Shrimp,2,1,4,2019-09-09T10:19:00,83013
878,Words Potato Computer,8,3,2,2018-07-11T17:22:00,83013
879,Cat Database Sriracha,8,2,3,2018-08-06T21:23:00,83013
880,Sriracha Banana Cat,1,2,4,2018-09-16T10:32:00,83013
881,Apple Banana Sriracha,12,3,3,2018-04-07T16:22:00,83013
882,Shrimp Banana Fish,3,3,4,2019-07-19T14:19:00,83013
883,Computer Apple Shrimp,10,1,5,2018-09-12T23:31:00,83013
884,Banana Sriracha Apple,3,1,4,2019-06-03T14:44:00,83013
885,Sriracha Shrimp Computer,5,3,4,2019-11-04T18:47:00,83013
886,Shrimp Fish Machine,2,3,4,2018-12-18T12:54:00,35521
887,Cat Dog Machine,1,1,3,2018-01-10T23:10:00,35521
888,Potato Shrimp Words,1,1,5,2019-03-21T22:16:00,35521
889,Dictionary Shrimp Machine,5,1,4,2018-09-25T15:13:00,82015
890,Fish Machine Fish,4,3,5,2018-02-05T10:33:00,82015
891,Machine Fish Computer,8,2,5,2018-02-09T11:10:00,82015
892,Sriracha Dog Computer,5,3,5,2019-09-02T12:45:00,82015
893,Banana Shrimp Ketchup,10,1,4,2018-04-10T13:47:00,82015
894,Potato Dog Toad,9,3,3,2018-08-15T12:20:00,82015
895,Words Shrimp Sriracha,7,1,3,2018-11-19T20:22:00,82015
896,Dictionary Potato Apple,9,1,3,2019-11-28T11:55:00,82015
897,Banana Banana Machine,5,1,2,2019-08-12T18:26:00,82015
898,Potato Potato Elephant,1,1,2,2019-06-16T21:48:00,82015
899,Machine Fish Banana,5,3,4,2018-06-27T23:14:00,82015
900,Database Dog Potato,2,1,2,2018-01-18T18:55:00,82015
901,Machine Ketchup Toad,11,3,3,2018-09-09T19:53:00,82015
902,Toad Ketchup Sriracha,3,1,5,2018-06-09T16:45:00,82015
903,Shrimp Fish Machine,5,2,2,2019-04-26T15:33:00,82015
904,Apple Computer Ketchup,6,2,5,2018-08-10T13:40:00,82015
905,Machine Cat Machine,6,2,2,2019-03-22T11:18:00,82015
906,Dictionary Sriracha Shrimp,3,3,2,2019-02-05T16:36:00,82015
907,Dictionary Sriracha Words,11,2,3,2018-09-05T14:39:00,84838
908,Shrimp Ketchup Ketchup,10,2,3,2018-12-05T12:13:00,84838
909,Cat Toad Cat,6,3,4,2018-01-19T17:20:00,84838
910,Banana Toad Shrimp,4,2,3,2019-05-02T17:12:00,84838
911,Dictionary Ketchup Banana,6,2,3,2018-08-14T10:34:00,84838
912,Computer Sriracha Database,12,1,3,2018-12-09T21:49:00,84838
913,Words Banana Elephant,10,2,4,2018-09-08T18:20:00,84838
914,Apple Fish Sriracha,1,1,4,2018-01-24T22:46:00,84838
915,Cat Shrimp Sriracha,9,1,4,2018-05-24T20:28:00,84838
916,Dog Potato Words,7,1,2,2018-09-05T17:15:00,84838
917,Computer Apple Computer,9,2,3,2019-06-27T14:35:00,84838
918,Banana Cat Potato,2,1,5,2018-07-27T14:16:00,84838
919,Banana Sriracha Dog,6,3,5,2019-06-19T14:47:00,84838
920,Dictionary Banana Computer,2,1,5,2018-01-14T17:53:00,84838
921,Cat Dictionary Computer,9,1,3,2019-02-21T15:28:00,84838
922,Ketchup Dictionary Dictionary,3,3,3,2019-01-05T14:24:00,84838
923,Banana Potato Apple,9,1,3,2018-03-26T23:29:00,39709
924,Computer Potato Banana,7,3,5,2019-01-01T17:20:00,39709
925,Cat Toad Sriracha,5,1,2,2019-07-07T12:50:00,39709
926,Dictionary Fish Words,8,2,3,2018-07-05T13:53:00,39709
927,Dog Words Dictionary,8,2,5,2019-07-04T11:59:00,39709
928,Machine Database Banana,4,1,2,2018-04-07T14:35:00,39709
929,Sriracha Machine Dictionary,3,2,5,2019-01-10T19:17:00,39709
930,Cat Fish Apple,11,1,2,2018-02-01T11:10:00,39709
931,Machine Fish Potato,8,1,5,2018-12-10T20:11:00,39709
932,Apple Dictionary Elephant,1,2,3,2018-02-15T16:24:00,54341
933,Apple Computer Fish,8,3,5,2018-07-23T17:28:00,54341
934,Elephant Cat Dictionary,3,2,2,2018-05-05T14:57:00,54341
935,Sriracha Fish Computer,2,2,5,2019-03-13T15:21:00,54341
936,Computer Machine Sriracha,1,2,3,2018-11-06T18:42:00,54341
937,Banana Apple Potato,9,2,5,2018-09-11T22:50:00,54341
938,Apple Apple Potato,6,1,4,2018-10-04T21:55:00,54341
939,Machine Dictionary Apple,7,1,3,2018-06-13T14:48:00,54341
940,Shrimp Cat Computer,11,3,5,2018-07-18T10:30:00,54341
941,Banana Ketchup Elephant,5,3,4,2019-02-24T10:11:00,54341
942,Database Apple Fish,1,3,5,2018-03-06T13:30:00,54341
943,Potato Potato Ketchup,8,3,4,2019-07-23T15:30:00,54341
944,Banana Cat Apple,2,3,4,2018-05-17T19:12:00,54341
945,Apple Sriracha Database,5,2,5,2018-09-22T16:53:00,54341
946,Cat Fish Banana,10,1,3,2019-03-27T14:42:00,54341
947,Potato Fish Computer,10,3,4,2019-12-12T13:20:00,54341
948,Potato Sriracha Toad,1,2,4,2018-10-04T17:33:00,54341
949,Shrimp Ketchup Words,9,2,2,2019-03-03T22:31:00,20927
950,Cat Toad Banana,7,3,5,2019-02-05T13:23:00,20927
951,Machine Toad Words,10,1,2,2018-11-27T20:13:00,20927
952,Apple Elephant Dictionary,2,2,2,2019-01-18T15:29:00,20927
953,Fish Ketchup Database,5,3,3,2019-01-12T21:48:00,37823
954,Machine Computer Machine,11,1,3,2019-04-03T23:21:00,37823
955,Sriracha Banana Sriracha,10,2,5,2018-11-10T17:12:00,37823
956,Dog Potato Dog,10,1,5,2018-03-05T17:10:00,37823
957,Apple Banana Banana,3,3,4,2018-02-26T19:19:00,37823
958,Banana Fish Ketchup,12,2,4,2018-04-09T10:50:00,37823
959,Toad Toad Potato,7,3,5,2019-06-13T18:59:00,37823
960,Apple Words Machine,5,3,3,2018-05-14T19:53:00,37823
961,Cat Apple Machine,1,3,4,2018-05-19T12:42:00,37823
962,Banana Banana Ketchup,4,1,4,2019-11-25T20:31:00,37823
963,Potato Dictionary Sriracha,11,3,5,2018-10-14T11:57:00,37823
964,Machine Banana Ketchup,2,3,3,2019-12-26T18:37:00,37823
965,Elephant Cat Fish,11,2,3,2018-09-24T15:58:00,37823
966,Toad Dictionary Shrimp,5,3,3,2018-07-21T13:13:00,37823
967,Database Potato Ketchup,5,2,5,2019-01-12T21:56:00,37823
968,Apple Banana Fish,6,2,2,2019-01-27T18:44:00,37823
969,Database Potato Sriracha,12,1,4,2019-11-06T18:32:00,37823
970,Sriracha Banana Banana,3,3,5,2019-02-15T16:45:00,37823
971,Computer Elephant Apple,10,2,3,2018-03-27T19:44:00,37823
972,Cat Sriracha Dog,5,1,2,2018-10-17T11:40:00,98419
973,Sriracha Database Dictionary,4,3,3,2018-05-04T20:17:00,98419
974,Dog Potato Cat,6,3,2,2018-05-04T17:19:00,98419
975,Dictionary Dictionary Toad,9,1,5,2019-05-08T21:18:00,98419
976,Toad Apple Words,9,3,3,2018-05-06T22:26:00,22698
977,Dog Machine Database,4,2,4,2019-11-15T23:45:00,22698
978,Banana Machine Dog,9,3,2,2019-06-16T20:39:00,22698
979,Words Machine Dog,12,3,3,2019-01-16T23:58:00,22698
980,Apple Ketchup Banana,1,2,4,2018-11-11T18:39:00,22698
981,Toad Cat Shrimp,7,2,4,2018-03-07T19:24:00,22698
982,Dog Ketchup Computer,12,2,4,2019-06-07T22:58:00,25444
983,Shrimp Fish Sriracha,3,2,3,2019-12-04T15:52:00,25444
984,Ketchup Toad Ketchup,3,3,4,2019-10-25T10:32:00,25444
985,Cat Shrimp Shrimp,9,3,4,2019-08-12T18:20:00,25444
986,Ketchup Dog Dog,9,1,4,2018-06-09T11:15:00,25444
987,Cat Dictionary Apple,9,1,4,2018-06-20T17:14:00,18085
988,Banana Banana Cat,8,3,3,2018-12-05T17:59:00,18085
989,Words Toad Shrimp,1,3,5,2018-04-08T21:12:00,18085
990,Cat Cat Sriracha,8,2,2,2019-02-10T17:22:00,18085
991,Ketchup Elephant Shrimp,5,3,2,2018-07-08T13:39:00,18085
992,Potato Machine Words,3,3,4,2019-02-06T10:33:00,18085
993,Cat Dictionary Cat,8,1,2,2019-03-20T11:32:00,89050
994,Machine Shrimp Ketchup,7,2,3,2018-01-15T19:56:00,89050
995,Toad Toad Shrimp,10,2,3,2019-08-09T20:34:00,89050
996,Database Computer Toad,5,1,4,2018-03-18T18:36:00,89050
997,Dog Dog Elephant,5,1,4,2018-07-10T22:14:00,89050
998,Cat Sriracha Sriracha,6,3,3,2018-09-09T11:41:00,89050
999,Database Machine Dictionary,3,1,3,2019-03-02T20:47:00,89050
1000,Sriracha Dog Shrimp,6,3,3,2018-03-18T18:13:00,89050
1001,Fish Banana Dictionary,2,1,4,2019-09-13T23:57:00,89050
1002,Dog Potato Elephant,7,2,5,2018-05-07T18:42:00,89050
1003,Toad Database Machine,12,3,4,2019-12-20T22:24:00,89050
1004,Banana Database Potato,5,2,4,2018-04-16T15:28:00,89050
1005,Ketchup Machine Shrimp,4,2,3,2019-02-05T20:31:00,89050
1006,Shrimp Toad Computer,5,3,3,2018-03-05T16:35:00,89050
1007,Banana Apple Dictionary,2,1,2,2019-12-26T18:21:00,89050
1008,Banana Apple Machine,10,1,4,2018-08-12T15:10:00,29363
1009,Dictionary Dictionary Dictionary,2,3,4,2018-06-01T10:57:00,29363
1010,Sriracha Elephant Sriracha,10,2,4,2019-10-03T16:30:00,29363
1011,Dictionary Cat Machine,5,2,4,2018-02-28T19:55:00,29363
1012,Apple Banana Words,11,1,5,2019-02-01T10:35:00,29363
1013,Shrimp Banana Dictionary,8,3,5,2018-01-15T20:59:00,29363
1014,Database Database Toad,7,1,4,2019-10-10T13:14:00,29363
1015,Shrimp Banana Toad,6,2,2,2018-08-28T20:24:00,29363
1016,Shrimp Dictionary Ketchup,2,2,5,2019-07-28T18:59:00,29363
1017,Machine Potato Sriracha,7,1,5,2019-06-08T21:37:00,29363
1018,Dog Sriracha Words,3,3,4,2018-05-06T15:22:00,29363
1019,Dog Apple Words,10,3,3,2019-11-12T10:18:00,29363
1020,Machine Potato Ketchup,6,1,4,2018-06-04T16:12:00,29363
1021,Dog Ketchup Sriracha,2,1,5,2018-03-24T12:25:00,29363
1022,Cat Words Apple,5,2,4,2018-10-25T11:45:00,42530
1023,Apple Apple Ketchup,5,2,3,2019-12-24T19:30:00,42530
1024,Words Elephant Shrimp,9,3,5,2019-04-10T11:25:00,42530
1025,Toad Dictionary Shrimp,3,1,3,2018-09-27T19:20:00,27746
1026,Machine Dictionary Dog,6,1,3,2018-12-09T10:29:00,27746
1027,Potato Dictionary Words,4,2,2,2019-02-14T22:39:00,27746
1028,Banana Dictionary Dictionary,1,1,3,2019-07-14T12:40:00,27746
1029,Dictionary Apple Database,11,2,2,2018-05-24T23:32:00,27746
1030,Fish Toad Fish,2,2,5,2019-08-25T20:31:00,27746
1031,Computer Computer Ketchup,10,3,2,2018-03-05T16:52:00,27746
1032,Database Dog Fish,11,2,4,2019-11-08T22:48:00,27746
1033,Fish Ketchup Dictionary,9,2,5,2019-08-12T21:17:00,27746
1034,Dictionary Sriracha Banana,8,2,2,2018-08-12T14:38:00,87230
1035,Apple Ketchup Computer,8,1,4,2018-12-04T10:21:00,87230
1036,Sriracha Potato Dog,1,3,3,2019-09-21T13:26:00,87230
1037,Apple Shrimp Dictionary,3,1,5,2018-01-14T14:22:00,87230
1038,Dictionary Banana Toad,6,3,2,2018-02-20T13:44:00,87230
1039,Words Machine Ketchup,7,1,2,2019-02-13T23:46:00,87230
1040,Machine Fish Words,5,3,4,2018-10-22T23:35:00,87230
1041,Elephant Shrimp Banana,2,1,4,2019-10-19T20:37:00,87230
1042,Dictionary Database Potato,1,2,4,2018-02-24T12:56:00,87230
1043,Fish Shrimp Potato,10,1,3,2018-09-17T10:45:00,87230
1044,Database Elephant Sriracha,9,2,5,2019-04-28T10:37:00,87230
1045,Machine Words Computer,5,2,3,2018-06-25T14:11:00,87230
1046,Computer Cat Sriracha,10,3,3,2018-12-05T14:31:00,87230
1047,Database Apple Elephant,2,1,5,2019-05-13T20:35:00,87230
1048,Cat Dog Potato,5,2,2,2019-08-14T20:27:00,35185
1049,Machine Apple Potato,7,2,2,2019-01-14T10:54:00,35185
1050,Database Dictionary Banana,6,2,5,2019-05-26T19:37:00,35185
1051,Apple Cat Dog,6,1,3,2019-08-19T22:25:00,35185
1052,Dictionary Banana Fish,5,1,4,2019-12-18T11:47:00,35185
1053,Dog Shrimp Computer,7,3,3,2019-01-27T15:56:00,35185
1054,Computer Database Sriracha,11,2,4,2018-03-14T10:39:00,35185
1055,Toad Database Toad,7,2,3,2019-10-13T14:23:00,35185
1056,Apple Dog Ketchup,7,2,5,2019-02-19T18:27:00,35185
1057,Machine Elephant Database,1,2,4,2018-05-23T14:17:00,35185
1058,Database Fish Elephant,4,2,4,2019-12-06T21:58:00,35185
1059,Dog Cat Potato,8,2,5,2019-11-18T14:14:00,35185
1060,Words Computer Ketchup,12,1,4,2018-10-12T10:18:00,77886
1061,Computer Potato Computer,4,3,4,2018-09-14T15:27:00,77886
1062,Shrimp Elephant Computer,8,1,5,2019-09-16T21:29:00,77886
1063,Dictionary Machine Toad,11,2,2,2019-05-27T20:44:00,77886
1064,Shrimp Ketchup Elephant,11,3,5,2019-05-28T14:43:00,96474
1065,Dictionary Toad Fish,6,2,4,2019-12-27T18:58:00,96474
1066,Ketchup Machine Dog,12,3,2,2019-03-19T11:58:00,96474
1067,Ketchup Database Machine,9,3,3,2019-03-11T15:41:00,96474
1068,Elephant Computer Words,10,2,4,2019-08-16T19:25:00,96474
1069,Machine Ketchup Elephant,1,2,5,2019-05-15T11:26:00,96474
1070,Banana Banana Words,1,1,4,2019-03-16T21:29:00,96474
1071,Dictionary Words Dog,9,3,3,2018-01-07T15:30:00,96474
1072,Words Potato Potato,7,1,4,2019-06-05T13:22:00,96474
1073,Banana Potato Words,4,3,4,2018-09-05T10:40:00,96474
1074,Fish Elephant Dictionary,8,2,5,2019-07-17T10:17:00,96474
1075,Database Shrimp Dictionary,10,2,3,2019-03-01T11:31:00,96474
1076,Potato Fish Database,7,3,5,2018-04-23T11:52:00,96474
1077,Machine Cat Words,5,3,3,2018-08-03T19:27:00,96474
1078,Dictionary Database Dictionary,2,3,2,2019-04-14T17:19:00,96474
1079,Database Cat Words,6,1,2,2019-11-08T10:38:00,96474
1080,Toad Database Words,3,2,3,2019-10-25T17:39:00,96474
1081,Potato Machine Dictionary,11,2,3,2019-08-10T12:27:00,96474
1082,Fish Dictionary Computer,3,3,4,2018-01-25T17:52:00,33736
1083,Sriracha Dictionary Words,9,2,2,2018-05-22T14:58:00,33736
1084,Toad Apple Banana,4,3,2,2018-06-14T15:47:00,33736
1085,Computer Toad Potato,9,1,5,2018-07-18T10:58:00,33736
1086,Banana Sriracha Cat,12,1,4,2019-04-07T14:53:00,33736
1087,Shrimp Words Shrimp,3,2,4,2018-07-22T20:57:00,33736
1088,Elephant Database Ketchup,5,2,3,2018-02-01T23:43:00,33736
1089,Banana Cat Words,7,2,3,2019-01-19T18:19:00,33736
1090,Elephant Shrimp Database,8,2,3,2018-09-28T15:25:00,33736
1091,Potato Sriracha Sriracha,9,1,2,2018-07-17T12:48:00,33736
1092,Machine Dog Cat,4,3,2,2019-11-24T21:33:00,33736
1093,Potato Fish Toad,10,1,2,2018-12-13T13:25:00,33736
1094,Potato Sriracha Shrimp,1,1,3,2019-03-09T15:48:00,82898
1095,Elephant Sriracha Dog,3,1,3,2018-11-08T14:10:00,82898
1096,Apple Words Fish,4,3,5,2018-07-01T20:57:00,82898
1097,Computer Sriracha Cat,9,3,5,2019-06-24T13:15:00,82898
1098,Words Ketchup Cat,3,2,2,2018-10-01T14:36:00,82898
1099,Dictionary Potato Apple,4,1,5,2019-04-01T13:20:00,82898
1100,Shrimp Machine Words,3,2,2,2019-03-02T16:46:00,82898
1101,Dictionary Elephant Fish,1,1,2,2018-11-04T13:28:00,82898
1102,Database Computer Dog,7,1,2,2018-04-09T10:27:00,82898
1103,Potato Sriracha Ketchup,3,3,5,2018-12-28T11:59:00,82898
1104,Cat Potato Fish,4,1,3,2018-10-07T17:24:00,82898
1105,Dog Dictionary Apple,1,2,4,2018-11-24T18:24:00,82898
1106,Apple Words Cat,9,1,4,2018-02-24T21:15:00,82898
1107,Potato Words Ketchup,1,1,3,2018-02-01T23:31:00,33263
1108,Cat Fish Banana,7,1,3,2019-02-24T20:32:00,33263
1109,Toad Elephant Sriracha,11,3,4,2019-04-17T13:52:00,33263
1110,Potato Shrimp Sriracha,1,2,5,2018-04-20T18:34:00,33263
1111,Banana Cat Banana,2,3,3,2018-07-02T17:11:00,33263
1112,Sriracha Machine Elephant,9,2,5,2018-04-10T16:15:00,33263
1113,Dictionary Words Apple,10,2,4,2018-05-17T15:10:00,33263
1114,Toad Apple Fish,3,2,3,2018-07-09T10:38:00,33263
1115,Database Dictionary Shrimp,9,1,4,2018-03-02T17:36:00,33263
1116,Banana Sriracha Banana,6,3,5,2019-04-10T21:53:00,33263
1117,Banana Sriracha Database,3,1,3,2018-08-17T14:57:00,33263
1118,Dog Potato Cat,2,1,4,2019-01-10T17:16:00,65014
1119,Apple Fish Shrimp,1,2,2,2019-03-18T19:30:00,65014
1120,Fish Potato Machine,7,2,5,2019-10-15T19:58:00,65014
1121,Apple Elephant Words,2,3,2,2018-01-02T17:53:00,65014
1122,Machine Fish Sriracha,2,3,3,2018-05-14T15:17:00,65014
1123,Ketchup Dictionary Computer,3,1,3,2018-09-05T16:15:00,65014
1124,Toad Sriracha Elephant,2,2,2,2019-05-04T16:21:00,65014
1125,Toad Words Machine,6,2,2,2018-10-09T16:23:00,65014
1126,Dictionary Potato Database,7,2,2,2019-06-10T18:27:00,62067
1127,Dictionary Words Sriracha,3,3,4,2018-03-22T15:28:00,62067
1128,Toad Computer Potato,6,3,3,2018-10-26T12:45:00,62067
1129,Words Machine Dog,6,1,4,2018-01-14T20:41:00,62067
1130,Shrimp Sriracha Cat,11,3,3,2019-05-21T10:13:00,62067
1131,Shrimp Machine Elephant,1,3,5,2019-09-26T10:24:00,62067
1132,Fish Database Sriracha,1,2,5,2019-08-15T16:21:00,62067
1133,Potato Sriracha Machine,7,2,3,2019-05-22T18:19:00,62067
1134,Elephant Machine Shrimp,9,3,2,2019-12-02T21:47:00,62067
1135,Toad Potato Potato,11,2,3,2018-10-06T10:34:00,62067
1136,Computer Sriracha Database,10,3,3,2018-06-20T11:47:00,62067
1137,Potato Database Computer,5,3,5,2019-09-08T15:49:00,62067
1138,Dictionary Words Dog,9,1,5,2019-07-26T14:55:00,62067
1139,Potato Elephant Banana,5,3,2,2018-02-20T20:37:00,62067
1140,Database Database Dictionary,2,2,4,2018-09-21T12:46:00,62067
1141,Apple Toad Computer,11,3,2,2018-05-13T23:40:00,62067
1142,Machine Sriracha Banana,8,2,4,2018-07-05T19:20:00,62067
1143,Dog Cat Apple,7,3,5,2018-02-19T19:19:00,34121
1144,Database Elephant Apple,10,1,4,2019-08-03T11:51:00,34121
1145,Database Banana Sriracha,1,3,5,2019-10-16T21:53:00,34121
1146,Banana Dog Database,4,2,5,2018-01-23T21:28:00,34121
1147,Database Sriracha Fish,10,1,3,2018-03-02T23:54:00,34121
1148,Fish Dog Banana,6,2,5,2019-02-13T23:37:00,50774
1149,Fish Banana Banana,11,2,5,2019-12-11T23:10:00,50774
1150,Shrimp Potato Fish,4,2,5,2019-03-03T15:32:00,50774
1151,Sriracha Cat Cat,2,2,4,2018-04-03T11:27:00,50774
1152,Apple Elephant Banana,3,3,3,2019-09-18T20:33:00,50774
1153,Ketchup Banana Potato,1,3,5,2019-11-27T19:54:00,50774
1154,Words Words Words,2,1,4,2018-03-23T17:23:00,50774
1155,Ketchup Toad Computer,8,2,3,2018-09-11T19:31:00,50774
1156,Dictionary Fish Banana,4,3,4,2018-08-16T22:43:00,50774
1157,Machine Sriracha Fish,3,1,5,2019-12-19T14:35:00,50774
1158,Elephant Dog Banana,5,2,3,2018-04-26T12:30:00,50774
1159,Computer Fish Shrimp,5,3,4,2018-07-05T13:25:00,50774
1160,Computer Apple Sriracha,12,1,5,2019-06-08T10:13:00,50774
1161,Shrimp Apple Dictionary,3,1,2,2018-07-12T15:45:00,50774
1162,Apple Potato Elephant,5,1,4,2018-02-07T19:19:00,50774
1163,Banana Elephant Computer,9,2,2,2018-02-27T11:13:00,50774
1164,Shrimp Dog Ketchup,8,3,4,2019-05-07T18:20:00,37761
1165,Potato Sriracha Ketchup,7,3,2,2018-06-11T10:18:00,37761
1166,Cat Cat Ketchup,1,3,3,2018-11-02T23:26:00,37761
1167,Fish Ketchup Ketchup,9,1,3,2018-11-28T14:31:00,37761
1168,Words Fish Shrimp,7,1,3,2018-08-03T19:52:00,37761
1169,Toad Potato Potato,4,2,5,2019-11-19T20:48:00,37761
1170,Database Machine Shrimp,6,2,4,2019-09-20T18:39:00,37761
1171,Dog Apple Machine,1,3,2,2019-06-20T16:55:00,37761
1172,Sriracha Shrimp Ketchup,3,3,4,2019-08-15T16:26:00,37761
1173,Ketchup Fish Apple,8,3,2,2018-10-20T18:17:00,37761
1174,Computer Banana Cat,6,3,4,2019-07-26T13:35:00,37761
1175,Words Machine Shrimp,6,2,3,2018-12-24T23:52:00,37761
1176,Computer Apple Shrimp,11,1,5,2019-01-26T16:57:00,37761
1177,Database Dictionary Dog,1,3,4,2019-01-26T17:32:00,37761
1178,Machine Machine Cat,5,3,5,2019-06-18T14:51:00,37761
1179,Shrimp Ketchup Cat,2,3,3,2018-09-19T15:18:00,99581
1180,Toad Dog Machine,12,1,4,2019-01-08T21:12:00,99581
1181,Potato Toad Banana,7,3,3,2018-01-18T21:39:00,99581
1182,Toad Database Database,10,2,5,2019-09-13T14:56:00,99581
1183,Database Dog Database,9,1,2,2019-03-23T11:31:00,99581
1184,Sriracha Elephant Shrimp,2,1,5,2019-09-07T23:37:00,99581
1185,Ketchup Database Elephant,12,3,5,2019-02-25T15:12:00,99581
1186,Computer Fish Fish,12,1,4,2018-12-22T19:58:00,99581
1187,Toad Words Cat,10,1,2,2018-02-05T19:40:00,99581
1188,Banana Database Toad,6,1,3,2019-07-15T22:29:00,99581
1189,Sriracha Machine Dog,5,3,4,2018-07-20T19:26:00,99581
1190,Dog Toad Sriracha,8,1,4,2018-11-17T15:41:00,99581
1191,Toad Shrimp Sriracha,12,3,4,2018-07-12T10:14:00,99581
1192,Apple Elephant Apple,5,3,2,2018-12-19T22:21:00,99581
1193,Apple Ketchup Dictionary,10,1,5,2018-06-09T18:44:00,99581
1194,Fish Dog Banana,10,3,5,2018-06-22T23:39:00,99581
1195,Dictionary Toad Toad,5,2,3,2019-12-15T11:41:00,99581
1196,Dog Dog Machine,1,1,3,2018-01-03T13:33:00,99581
1197,Shrimp Cat Computer,2,1,4,2018-01-06T11:44:00,14828
1198,Machine Words Words,10,1,4,2018-08-21T22:56:00,14828
1199,Dictionary Elephant Dog,3,1,2,2019-08-24T10:44:00,14828
1200,Fish Sriracha Dog,10,3,4,2019-08-10T15:55:00,14828
1201,Words Words Apple,10,2,4,2018-01-06T11:10:00,14828
1202,Ketchup Words Toad,9,3,5,2019-08-01T21:26:00,14828
1203,Fish Computer Computer,7,3,5,2019-09-13T12:47:00,14828
1204,Database Words Ketchup,8,2,3,2019-10-21T15:46:00,14828
1205,Cat Toad Potato,11,2,3,2018-07-01T10:37:00,14828
1206,Words Toad Words,8,1,5,2018-05-06T15:31:00,14828
1207,Ketchup Dog Fish,3,3,4,2018-07-24T12:28:00,14828
1208,Machine Cat Toad,6,1,3,2018-06-14T17:54:00,14828
1209,Dictionary Machine Elephant,2,1,4,2019-01-11T16:56:00,14828
1210,Ketchup Fish Toad,10,1,2,2019-11-27T21:39:00,14828
1211,Words Dog Computer,8,3,4,2018-07-13T12:45:00,14828
1212,Cat Fish Toad,4,3,5,2019-02-21T23:15:00,14828
1213,Dictionary Toad Elephant,9,2,4,2019-02-17T16:45:00,14828
1214,Cat Fish Toad,3,2,3,2019-10-01T22:35:00,14828
1215,Banana Dictionary Toad,9,2,3,2019-03-23T23:16:00,27471
1216,Shrimp Sriracha Machine,2,1,5,2019-08-28T17:34:00,27471
1217,Sriracha Elephant Elephant,3,1,3,2018-03-25T22:28:00,27471
1218,Ketchup Computer Elephant,11,1,3,2019-10-19T12:36:00,27471
1219,Database Sriracha Banana,2,1,4,2019-04-13T21:37:00,27471
1220,Dictionary Elephant Ketchup,1,2,5,2019-12-09T15:24:00,27471
1221,Dictionary Computer Ketchup,2,2,2,2019-12-21T23:40:00,27471
1222,Words Toad Computer,9,3,4,2019-06-26T18:37:00,27471
1223,Cat Words Banana,2,1,5,2018-09-05T10:10:00,27471
1224,Cat Dictionary Sriracha,9,3,4,2018-12-06T11:50:00,27471
1225,Database Elephant Dictionary,8,3,2,2018-01-28T22:39:00,27471
1226,Fish Shrimp Dog,4,2,4,2019-06-20T22:39:00,27471
1227,Elephant Database Potato,4,3,5,2018-04-15T20:58:00,27471
